,Country Name,2000,2001,2002,2003,2004,2005,2006,2007,2008,2009,2010,2011,2012,2013,2014,Element
2,Afghanistan,,,,,,,,,,,,,,,,Electric Power consumption
2,Afghanistan,,,,,,22.29526901,28.09996223,33.9016037,42.4,45.52068329,42.7,43.22201891,69.1,68.98294067,89.5,Access to Electricity
1,Africa Eastern and Southern,20.08600661,23.10317848,24.22343015,25.02318413,26.17633577,23.62149844,27.29943305,28.73795234,28.8137354,27.48306125,28.23337289,28.38183599,32.22402744,32.0464781,31.3235788,Access to Electricity
1,Africa Eastern and Southern,780.702624,743.916044,769.0808541,774.3341662,777.6720907,780.8510523,789.4878405,796.9019357,760.5768971,723.9149031,740.4176551,740.7416057,703.9084009,698.3699142,686.7280572,Electric Power consumption
3,Africa Western and Central,116.7087977,119.0511327,133.754417,123.896644,138.893764,145.3250506,144.9849866,158.4197378,154.5007324,152.7784232,165.0656209,175.1125463,185.5158142,181.1288747,186.1990097,Electric Power consumption
3,Africa Western and Central,34.65801135,35.6643106,36.40355023,40.6739752,37.7579127,38.00790869,39.86070626,40.74423219,41.68669872,41.86571258,41.73088116,45.90129863,44.13035389,47.01816265,47.74549899,Access to Electricity
5,Albania,100.0,100.0,100.0,100.0,100.0,100.0,100.0,100.0,100.0,100.0,100.0,100.0,99.9,100.0,99.95,Access to Electricity
5,Albania,1449.647413,1351.230796,1578.165919,1469.264539,1797.525487,1722.07285,1218.360146,1213.124369,1617.744156,1835.684072,1943.343354,2205.70392,2118.327776,2533.252829,2309.366503,Electric Power consumption
60,Algeria,683.2948063,709.0914831,730.808966,786.4144235,804.1073343,890.6259238,862.4295937,894.2845864,947.2913284,866.3073024,1016.636782,1123.332915,1237.966109,1278.915242,1362.871884,Electric Power consumption
60,Algeria,,,,,,,,,99.3,98.81757355,98.82183838,98.84799194,98.76466047,98.97725677,99.07403564,Access to Electricity
11,American Samoa,,,,,,,,,,,,,,,,Electric Power consumption
11,American Samoa,,,,,,,,,,,,,,,,Access to Electricity
6,Andorra,100.0,100.0,100.0,100.0,100.0,100.0,100.0,100.0,100.0,100.0,100.0,100.0,100.0,100.0,100.0,Access to Electricity
6,Andorra,,,,,,,,,,,,,,,,Electric Power consumption
4,Angola,75.26465988,82.61657065,86.01883921,95.85311396,87.53534066,109.2952187,144.7153225,133.2672578,172.3848981,189.2577043,206.4544017,207.0133514,219.2534827,280.2144821,312.2288945,Electric Power consumption
4,Angola,,20.0,26.38386917,27.4656353,28.53676033,29.59622383,30.64655495,37.5,38.49,33.80418396,34.87972641,34.6,37.10102463,38.24899292,32.0,Access to Electricity
12,Antigua and Barbuda,,,,,,,,,,,,,,,,Electric Power consumption
12,Antigua and Barbuda,97.45578003,97.60110474,100.0,97.86569977,97.98262787,92.2,100.0,100.0,100.0,98.47905731,98.60040283,94.55201403,100.0,100.0,100.0,Access to Electricity
7,Arab World,1518.760327,1581.590402,1650.068165,1720.814261,1767.785668,1842.769081,1943.067343,1998.315203,2065.102645,2123.652249,2301.342047,2337.7279,2377.250571,2433.627913,2508.462284,Electric Power consumption
7,Arab World,78.87247574,79.55913883,77.51197685,78.75741687,79.09690383,79.9916919,84.2563358,82.29067275,84.65056557,84.09216888,86.06507159,86.33862811,86.09902247,88.1011389,87.20162878,Access to Electricity
9,Argentina,95.44536591,95.51106347,96.04728699,96.33463287,96.61134338,96.87638855,97.13230133,97.38516998,97.64122009,97.90668488,98.82,99.0802002,99.22885895,99.35622406,100.0,Access to Electricity
9,Argentina,2088.80763,2120.580398,2014.476878,2180.326931,2293.309488,2408.432958,2374.097592,2455.656081,2772.843291,2730.123367,2877.652653,2929.075029,3000.603523,2967.376558,3074.702071,Electric Power consumption
10,Armenia,98.9,100.0,98.0,99.22579956,99.24093628,99.8,99.23873901,99.23002625,99.22450256,99.22839355,99.8,99.60435486,99.61703491,99.42,99.71,Access to Electricity
10,Armenia,1297.564469,1269.222726,1236.331467,1320.437994,1440.32339,1521.50331,1639.79257,1773.161496,1669.409464,1661.303268,1726.262758,1807.034572,1892.006869,1931.258117,1961.610395,Electric Power consumption
0,Aruba,,,,,,,,,,,,,,,,Electric Power consumption
0,Aruba,91.660398,100.0,100.0,100.0,100.0,100.0,100.0,100.0,100.0,100.0,93.35629215,100.0,100.0,100.0,100.0,Access to Electricity
13,Australia,10193.91218,10636.37769,10813.12273,10434.87439,10554.81582,10458.45019,10490.48454,10972.89174,10749.11055,10791.5931,10726.92818,10627.29387,10407.74031,10220.8873,10071.39898,Electric Power consumption
13,Australia,100.0,100.0,100.0,100.0,100.0,100.0,100.0,100.0,100.0,100.0,100.0,100.0,100.0,100.0,100.0,Access to Electricity
14,Austria,7076.269483,7333.231953,7427.656445,7695.080037,7808.157792,7977.681597,8244.401952,8207.474739,8233.014833,7944.796096,8382.711154,8425.167753,8548.882199,8509.61158,8355.841952,Electric Power consumption
14,Austria,100.0,100.0,100.0,100.0,100.0,100.0,100.0,100.0,100.0,100.0,100.0,100.0,100.0,100.0,100.0,Access to Electricity
15,Azerbaijan,2040.47909,2106.470066,1996.708252,2235.459856,2281.947872,2388.388734,2552.286214,2118.210528,2040.760435,1620.38742,1603.431374,1705.424633,2052.650965,2092.536521,2202.393918,Electric Power consumption
15,Azerbaijan,98.90822245,98.62342072,100.0,98.97785187,99.13969421,99.28987885,99.5,99.56891632,99.7101059,99.86070251,99.94705963,99.9,100.0,100.0,100.0,Access to Electricity
23,"Bahamas, The",,,,,,,,,,,,,,,,Electric Power consumption
23,"Bahamas, The",100.0,100.0,100.0,100.0,100.0,100.0,100.0,100.0,100.0,100.0,100.0,100.0,100.0,100.0,100.0,Access to Electricity
22,Bahrain,20014.74549,20130.4566,20016.59548,19775.06331,18983.04023,21325.8176,21508.24845,20592.24422,18491.08909,17459.65445,18038.23787,17912.56602,17849.25789,18693.12388,19596.9831,Electric Power consumption
22,Bahrain,100.0,100.0,100.0,100.0,100.0,100.0,100.0,100.0,100.0,100.0,100.0,100.0,100.0,100.0,100.0,Access to Electricity
20,Bangladesh,104.6077366,115.144505,122.9863866,129.3923379,165.308346,176.0773264,196.9399144,206.104875,207.526929,226.0479448,247.2633775,265.6405673,283.4660589,301.967618,320.2099233,Electric Power consumption
20,Bangladesh,32.0,35.109272,37.88195801,40.64517975,40.6,44.23,50.52510246,46.5,54.33111954,57.07246017,55.26,59.6,65.41366577,61.5,62.4,Access to Electricity
30,Barbados,100.0,100.0,100.0,100.0,99.99882507,99.99047852,100.0,100.0,100.0,100.0,100.0,100.0,100.0,100.0,100.0,Access to Electricity
30,Barbados,,,,,,,,,,,,,,,,Electric Power consumption
25,Belarus,2996.309475,3009.402482,3000.745625,3063.056939,3174.053092,3245.372088,3365.981865,3393.908536,3481.743517,3299.460902,3566.173013,3632.87856,3704.309041,3657.124679,3690.103683,Electric Power consumption
25,Belarus,100.0,100.0,100.0,100.0,100.0,100.0,100.0,100.0,100.0,100.0,100.0,100.0,100.0,100.0,100.0,Access to Electricity
17,Belgium,100.0,100.0,100.0,100.0,100.0,100.0,100.0,100.0,100.0,100.0,100.0,100.0,100.0,100.0,100.0,Access to Electricity
17,Belgium,8247.677113,8267.187216,8311.892679,8411.900657,8576.223497,8509.997073,8683.671285,8614.679503,8521.49674,7903.955479,8393.949623,8028.798731,7988.524644,7989.671853,7709.123078,Electric Power consumption
26,Belize,,,,,,,,,,,,,,,,Electric Power consumption
26,Belize,79.0,80.2023468,81.06098175,81.91015625,82.74869537,83.57556152,90.98853086,85.20799255,86.02586365,86.85315704,89.91722437,91.68173599,90.98912048,91.16732788,91.37887573,Access to Electricity
18,Benin,21.5398941,21.9,23.4730835,24.42607117,25.36841774,26.29910088,27.9,28.13915253,29.0608387,29.99194527,34.2,36.9,38.4,34.65625,34.1,Access to Electricity
18,Benin,58.11289515,61.46908571,68.26219261,64.62288161,70.32255342,73.78896831,75.08920951,79.71812428,86.35245946,87.87313802,95.44252175,91.53531895,93.12121978,96.7555505,100.2251518,Electric Power consumption
27,Bermuda,,,,,,,,,,,,,,,,Electric Power consumption
27,Bermuda,100.0,100.0,100.0,100.0,100.0,100.0,100.0,100.0,100.0,100.0,100.0,100.0,100.0,100.0,100.0,Access to Electricity
32,Bhutan,,,,,,,,,,,,,,,,Electric Power consumption
32,Bhutan,31.15,40.09151077,44.04301453,41.1,51.91645432,59.80811164,59.74679565,71.8,67.56508636,71.48524475,73.28291087,81.68799591,91.5,87.37114716,91.39948273,Access to Electricity
28,Bolivia,69.963045,69.258539,63.996855,72.3,76.04425049,68.288209,76.211281,80.156567,84.674991,86.765597,88.31281281,88.335943,90.387375,89.505686,90.038729,Access to Electricity
28,Bolivia,415.8811727,416.6548177,429.9527086,437.242163,447.1254081,476.5875809,506.9475658,538.6863418,527.8015425,546.597348,596.5011832,629.0052699,654.4817304,695.9532363,742.5383997,Electric Power consumption
24,Bosnia and Herzegovina,2030.296632,2068.425254,2092.095285,2233.546038,2321.878203,2389.696314,2384.593281,2382.539982,2986.473237,2891.637859,3155.598279,3343.737103,3479.083887,3474.286385,3446.764688,Electric Power consumption
24,Bosnia and Herzegovina,100.0,99.4,98.5,100.0,100.0,100.0,99.38727699,99.7,100.0,100.0,100.0,99.70578055,100.0,99.5,100.0,Access to Electricity
33,Botswana,27.27221298,24.8,31.68865013,33.88325882,36.06723022,38.23953629,40.40270996,42.56283188,44.5,43.36,51.78107071,53.24,55.87431335,57.89068604,59.94039536,Access to Electricity
33,Botswana,1155.578328,1225.313106,1274.758204,1362.441024,1480.006321,1464.639924,1494.08114,1535.091695,1542.56863,1739.958382,1561.064181,1503.419162,1756.268904,2126.492872,1815.553722,Electric Power consumption
29,Brazil,1897.353148,1747.939631,1806.669684,1882.264028,1956.159381,2015.799869,2072.36268,2167.606561,2229.845299,2197.125581,2374.116628,2430.80331,2501.474103,2568.829695,2619.960499,Electric Power consumption
29,Brazil,94.36400604,96.016528,96.652996,96.980098,96.765107,97.093513,97.594314,98.125382,98.526625,98.856938,99.35217285,99.328691,99.519494,99.575151,99.650247,Access to Electricity
255,British Virgin Islands,96.70508575,96.89098358,97.06859589,97.23674011,97.39424896,97.54009247,97.67680359,97.81046295,97.94730377,98.09357452,99.05440521,99.1738205,99.27532959,99.35554504,99.46909332,Access to Electricity
255,British Virgin Islands,,,,,,,,,,,,,,,,Electric Power consumption
31,Brunei Darussalam,7545.787986,7181.571417,7373.614744,8550.927695,8596.849491,8463.156511,8431.867164,8614.091373,8589.471243,8840.797912,8810.345981,8783.627603,9240.670982,9873.545426,10290.93802,Electric Power consumption
31,Brunei Darussalam,100.0,100.0,100.0,100.0,100.0,100.0,100.0,100.0,100.0,100.0,100.0,100.0,100.0,100.0,100.0,Access to Electricity
21,Bulgaria,3673.606871,3859.090025,3853.819004,3997.902596,3971.822736,4165.180392,4366.912765,4523.322878,4674.503151,4483.747139,4560.414917,4863.691441,4761.912583,4639.706323,4708.927458,Electric Power consumption
21,Bulgaria,100.0,100.0,100.0,100.0,100.0,100.0,100.0,100.0,100.0,100.0,100.0,100.0,100.0,100.0,100.0,Access to Electricity
19,Burkina Faso,9.071893692,9.544128418,10.00807476,11.4,10.90639877,11.33857822,11.76162434,12.18161964,12.60480118,12.63,13.1,14.89940453,15.16293812,15.40517426,19.2,Access to Electricity
19,Burkina Faso,,,,,,,,,,,,,,,,Electric Power consumption
16,Burundi,,,,,,,,,,,,,,,,Electric Power consumption
16,Burundi,2.439689159,2.801317215,3.154657125,3.498532534,3.831767321,3.207317073,2.66,4.775167942,4.8,5.40973711,5.3,6.106936455,6.5,6.9,7.0,Access to Electricity
47,Cabo Verde,,,58.6,63.26335907,65.22930145,67.0,69.12872314,71.07081604,73.01609802,74.97080231,81.1,79.46784973,80.95207977,82.99486542,85.05774689,Access to Electricity
47,Cabo Verde,,,,,,,,,,,,,,,,Electric Power consumption
123,Cambodia,16.6,15.44084358,18.73940277,19.3,25.30695152,20.5,31.83140182,35.08600998,26.4,41.61101913,31.1,48.19865799,51.52984238,54.88513947,56.1,Access to Electricity
123,Cambodia,32.74307766,36.5163234,50.32553739,51.49278117,55.71510296,66.75026774,80.72590994,100.5851409,114.5936984,127.9303627,144.2824498,165.1145373,207.2331472,221.544449,271.3672049,Electric Power consumption
42,Cameroon,175.2616872,165.1713771,155.0349211,167.1342119,192.3598158,186.4277865,245.6694113,253.7601808,267.1317241,264.9328279,261.4885349,256.333087,247.4253636,252.2047533,275.1979743,Electric Power consumption
42,Cameroon,41.0,46.2,44.06614304,45.16857147,47.1,47.34048462,49.0,48.2,50.55054855,51.63109589,52.72730255,53.7,54.98992157,56.15855408,56.8,Access to Electricity
35,Canada,17037.07228,16840.19375,16960.63967,17208.52352,17264.73674,16948.27522,16508.33955,16683.13366,16377.4797,15450.73069,15269.74548,15644.54028,15336.62486,15750.81163,15588.48715,Electric Power consumption
35,Canada,100.0,100.0,100.0,100.0,100.0,100.0,100.0,100.0,100.0,100.0,100.0,100.0,100.0,100.0,100.0,Access to Electricity
49,Caribbean small states,2770.441912,2810.821028,2865.722087,3093.101001,3066.88325,3222.692979,3253.871219,3088.80393,2666.773601,2705.246458,2831.138193,2918.491922,2883.979469,2973.708709,3062.984684,Electric Power consumption
49,Caribbean small states,86.7479205,89.39385368,89.24681447,89.38121107,89.88654647,90.3162375,90.79527856,91.74867885,92.88584382,92.20245892,93.39830918,93.37721797,94.39591746,94.88178763,94.80531373,Access to Electricity
52,Cayman Islands,100.0,100.0,100.0,100.0,100.0,100.0,100.0,100.0,100.0,100.0,100.0,100.0,100.0,100.0,100.0,Access to Electricity
52,Cayman Islands,,,,,,,,,,,,,,,,Electric Power consumption
34,Central African Republic,,,,,,,,,,,,,,,,Electric Power consumption
34,Central African Republic,6.0,5.761561871,6.226599216,6.682172775,7.127105236,7.560374737,7.805169325,8.40559864,7.48,9.263563156,9.8,10.3107233,10.89428234,11.45654297,12.05214119,Access to Electricity
36,Central Europe and the Baltics,100.0,100.0,100.0,100.0,100.0,100.0,100.0,100.0,100.0,100.0,100.0,100.0,100.0,100.0,100.0,Access to Electricity
36,Central Europe and the Baltics,3341.726801,3430.725054,3454.635941,3588.323461,3676.626455,3739.653466,3888.525599,3984.588999,4048.765487,3840.536028,4017.412247,4096.894084,4093.459357,4075.34293,4115.630201,Electric Power consumption
229,Chad,,,,,,,,,,,,,,,,Electric Power consumption
229,Chad,3.186103821,3.558882475,3.923372984,4.278398991,3.5,4.955507278,5.279097557,5.599637032,5.923361301,6.256507397,6.4,8.98,7.859260082,8.115847588,8.405773163,Access to Electricity
38,Channel Islands,,,,,,,,,,,,,,,,Electric Power consumption
38,Channel Islands,100.0,100.0,100.0,100.0,100.0,100.0,100.0,100.0,100.0,100.0,100.0,100.0,100.0,100.0,100.0,Access to Electricity
39,Chile,2499.291178,2628.686877,2727.867469,2897.792879,3064.444946,3095.649042,3222.41447,3339.463325,3338.289965,3296.541125,3306.953699,3583.584239,3807.50765,3879.859848,3879.67342,Electric Power consumption
39,Chile,97.938687,97.13110352,97.33703613,98.782325,97.71933746,97.89350891,99.368108,98.22052002,98.38568878,99.593662,99.64228821,99.588193,100.0,99.6,100.0,Access to Electricity
40,China,992.9433847,1076.549121,1194.856295,1379.484632,1585.838782,1782.312153,2039.01466,2325.926769,2446.369055,2612.45662,2943.589954,3295.784868,3466.019539,3757.185088,3905.317598,Electric Power consumption
40,China,96.93087006,97.21321869,97.4872818,97.75187683,98.00583649,98.2481308,98.48129272,98.71140289,98.94470215,99.18741608,99.7,99.85722351,99.96487427,99.99700928,100.0,Access to Electricity
45,Colombia,95.2,98.47,94.93788147,95.18396759,95.41941833,96.8,95.85785675,96.06945801,96.806763,96.057229,96.788995,96.6936,97.032176,97.779418,97.790938,Access to Electricity
45,Colombia,845.5975169,865.909134,873.264416,876.4128864,912.1837359,909.2160143,961.0447708,988.5793229,988.4539075,1065.607653,1094.560942,1139.659863,1170.073931,1310.664698,1312.199493,Electric Power consumption
46,Comoros,39.74314117,42.05736542,44.8,46.65977859,48.94561005,51.21978378,53.48482132,55.7468071,58.01197815,60.2865715,70.18231201,69.60940552,69.3,69.59020996,71.97298431,Access to Electricity
46,Comoros,,,,,,,,,,,,,,,,Electric Power consumption
43,"Congo, Dem. Rep.",6.7,7.160378456,7.820706367,8.471570015,9.111793518,6.0,10.35978127,15.2,11.59572029,12.22470379,12.86934471,13.53587914,15.4,14.94590092,13.5,Access to Electricity
43,"Congo, Dem. Rep.",96.56978765,95.5428467,89.73030179,90.20801962,88.18729489,89.45733367,101.7709237,105.2457136,101.2064072,106.7918735,104.6560836,108.0216267,112.1836565,117.0283067,108.5167041,Electric Power consumption
44,"Congo, Rep.",,,,,,33.8,34.91806793,35.86069107,36.80649567,37.1,39.96152115,40.80084991,41.6,42.42240524,43.255867,Access to Electricity
44,"Congo, Rep.",95.60596274,104.7257088,115.3947467,114.766585,105.3990522,117.3133855,125.7628881,125.383018,135.3612763,144.7387466,140.1583345,147.6731132,214.6247714,213.0763092,202.8725144,Electric Power consumption
48,Costa Rica,96.94,98.24978,98.509188,98.695902,98.954779,99.053051,99.147523,99.217998,99.263937,99.409804,98.995734,99.232348,99.503298,99.563517,99.359291,Access to Electricity
48,Costa Rica,1506.926791,1485.842848,1558.430031,1643.590992,1679.464616,1721.151118,1822.838339,1885.517635,1889.035996,1845.052324,1887.983299,1885.352441,1942.831521,1939.853369,1942.4906,Electric Power consumption
41,Cote d'Ivoire,173.9932639,182.2224577,176.6528225,174.3788344,173.3953543,171.6743996,181.7123768,187.103084,195.6587027,200.5070305,215.0203108,196.9217998,234.7870172,233.1634907,274.7302239,Electric Power consumption
41,Cote d'Ivoire,48.67458344,49.66616821,51.4,51.62330627,52.58650208,58.9,60.17105263,55.41978073,60.3,57.31427383,58.28188705,55.8,55.8,61.32735825,61.9,Access to Electricity
99,Croatia,100.0,100.0,100.0,100.0,100.0,100.0,100.0,100.0,100.0,100.0,100.0,100.0,100.0,100.0,100.0,Access to Electricity
99,Croatia,2828.815062,2993.272463,3191.409738,3257.889868,3429.354644,3582.246073,3744.468715,3846.674077,3990.29632,3818.422501,3922.310867,3900.601361,3819.280253,3754.268698,3714.382988,Electric Power consumption
50,Cuba,1137.921864,1157.848199,1185.124839,1193.40807,1175.339227,1155.077091,1227.218208,1302.448459,1323.398868,1334.763138,1303.154964,1332.512094,1379.216979,1435.557838,1450.882819,Electric Power consumption
50,Cuba,97.0,96.21989441,95.5,96.55662537,96.70960999,96.85093689,96.98313141,97.11227417,97.24460602,97.38635254,97.54376221,97.72306824,97.92878723,98.15862274,98.40854645,Access to Electricity
51,Curacao,100.0,100.0,100.0,100.0,100.0,100.0,99.99783325,99.98529816,99.9539032,99.90898132,100.0,100.0,100.0,100.0,100.0,Access to Electricity
51,Curacao,7291.199761,7222.174867,7282.999884,7521.02019,7571.241207,7613.070072,7243.041936,7323.540845,7149.712092,7423.399372,7471.268233,7379.119677,5062.858345,4934.274681,4797.670436,Electric Power consumption
53,Cyprus,3373.306986,3455.26381,3703.294274,3918.225536,3946.912639,4099.616896,4238.131129,4377.141095,4554.498654,4577.04248,4585.585156,4239.7254,4035.078755,3587.832841,3624.933502,Electric Power consumption
53,Cyprus,100.0,100.0,100.0,100.0,100.0,100.0,100.0,100.0,100.0,100.0,100.0,100.0,100.0,100.0,100.0,Access to Electricity
54,Czech Republic,5703.816739,5892.172595,5894.233119,6074.849142,6230.398228,6357.421095,6528.53015,6518.217413,6489.126257,6139.35206,6348.424398,6298.727678,6304.571923,6284.790806,6258.891037,Electric Power consumption
54,Czech Republic,100.0,100.0,100.0,100.0,100.0,100.0,100.0,100.0,100.0,100.0,100.0,100.0,100.0,100.0,100.0,Access to Electricity
58,Denmark,6482.488628,6490.092993,6533.752014,6602.63638,6615.569959,6659.000427,6824.745939,6668.390266,6534.12385,6219.701092,6327.506456,6165.97362,6038.552307,6039.432,5858.801536,Electric Power consumption
58,Denmark,100.0,100.0,100.0,100.0,100.0,100.0,100.0,100.0,100.0,100.0,100.0,100.0,100.0,100.0,100.0,Access to Electricity
56,Djibouti,,,,,,,,,,,,,,,,Electric Power consumption
56,Djibouti,56.3621521,56.37202072,49.7,56.36572266,56.34719849,56.31701279,55.5,56.23532486,56.19614029,56.16637802,56.15227127,56.16006088,54.6,56.25259018,56.6339035,Access to Electricity
57,Dominica,80.96955109,82.31006622,87.7,84.965065,86.27719116,87.57765198,88.86898041,90.15726471,90.9,92.7496109,94.06615448,95.40458679,96.76944733,98.15841675,99.56747437,Access to Electricity
57,Dominica,,,,,,,,,,,,,,,,Electric Power consumption
59,Dominican Republic,88.764932,89.791362,89.749814,89.173808,90.316567,90.141224,90.118148,96.876342,97.576197,97.85776,98.145414,97.898872,97.86705,98.385853,98.470979,Access to Electricity
59,Dominican Republic,1327.774654,1288.233118,1390.376636,1365.261832,1128.537879,1234.657197,1330.233685,1359.052972,1377.86965,1325.712644,1394.82587,1428.073703,1499.358166,1551.716691,1615.514607,Electric Power consumption
62,Early-demographic dividend,731.2366126,738.6082542,760.3447382,795.3270158,820.8886641,853.2324421,894.6759804,928.9659283,949.0268459,963.5254539,1017.941909,1068.484877,1095.423667,1120.281666,1151.514767,Electric Power consumption
62,Early-demographic dividend,65.97408855,64.7813653,68.16721631,69.29426242,70.09155012,70.61107758,72.63652604,74.9653471,75.43365705,77.36205082,78.61938128,75.16328199,81.24617587,81.88193319,82.99355994,Access to Electricity
63,East Asia & Pacific,1664.544857,1726.611051,1825.378015,1947.981576,2113.36444,2260.04056,2433.520338,2645.087857,2699.324582,2794.557279,3075.400239,3273.045582,3386.163086,3571.565901,3665.128298,Electric Power consumption
63,East Asia & Pacific,93.33774439,93.82014512,93.11681081,93.32693867,94.17039329,93.84338495,94.80459658,94.87062837,95.29854404,95.1435447,95.54155542,96.12967173,96.37596156,96.5806605,96.73159443,Access to Electricity
230,East Asia & Pacific (IDA & IBRD countries),876.3682606,942.3342297,1033.625495,1173.382893,1331.441823,1476.951629,1666.712487,1879.529619,1969.345694,2100.064958,2351.640574,2601.95311,2738.930619,2952.885698,3068.006223,Electric Power consumption
230,East Asia & Pacific (IDA & IBRD countries),92.52949604,93.07354497,92.31046926,92.54867624,93.49377749,93.1324753,94.20669698,94.28230547,94.76013559,95.47322618,95.87913261,96.51326345,96.76206675,96.96396747,97.10509887,Access to Electricity
61,East Asia & Pacific (excluding high income),874.2819885,939.6999946,1029.55246,1168.008014,1324.419036,1468.433064,1655.518859,1865.200124,1954.600047,2082.748902,2331.378972,2577.5033,2712.807739,2923.751121,3037.306668,Electric Power consumption
61,East Asia & Pacific (excluding high income),92.52939546,93.07345294,92.3103665,92.54857721,93.49369402,93.13238043,94.20662621,94.28223378,94.76007529,94.60373693,95.04764361,95.70285815,95.97842207,96.20766591,96.3767838,Access to Electricity
66,Ecuador,93.53726196,93.89373016,94.24191284,94.973044,94.90869904,95.83265,96.315259,96.812618,97.206576,96.470862,97.462142,96.872699,97.194929,98.034674,98.976067,Access to Electricity
66,Ecuador,634.8806805,646.8617834,688.4790274,715.7988397,823.8216174,794.5268276,862.4847513,952.8170215,1077.413327,1104.950911,1137.95685,1212.026987,1277.037196,1329.367238,1376.393633,Electric Power consumption
67,"Egypt, Arab Rep.",976.9646224,1028.770654,1078.952963,1146.635584,1190.272786,1261.963549,1333.29136,1424.56825,1470.56458,1537.256725,1576.039626,1685.818794,1685.468926,1684.911332,1683.213258,Electric Power consumption
67,"Egypt, Arab Rep.",97.7,97.3451767,97.56305695,98.8,97.96924591,99.4,99.04,98.5062561,99.8,98.86990356,99.44637299,99.48725128,99.7,99.82130432,99.8,Access to Electricity
211,El Salvador,84.519249,87.063829,87.54906,86.961151,87.357045,87.525839,89.201467,91.109558,91.000227,91.08402,91.580238,92.574686,93.680571,95.043105,95.125416,Access to Electricity
211,El Salvador,614.9869309,626.6238187,667.2102076,693.685014,690.0958382,755.4372647,817.0220885,882.1106454,855.7076614,846.0981558,857.0674999,880.5959263,915.6895517,958.9733671,937.0744722,Electric Power consumption
88,Equatorial Guinea,,,,,,,,,,,,,,,,Electric Power consumption
88,Equatorial Guinea,,,,,,,,,,,,66.1,65.66336823,65.75577545,65.86827087,Access to Electricity
69,Eritrea,75.03011019,81.6938074,87.05959834,89.58189477,86.4031261,85.61362148,79.50081711,81.76096431,79.01313251,83.33547014,85.79258948,89.29768769,92.92010348,95.07983201,96.63457996,Electric Power consumption
69,Eritrea,29.20424271,30.30143547,32.2,32.46978378,33.53858566,34.5957222,35.64373016,36.68868637,37.73682404,38.79438782,39.86760712,40.96271896,42.0842514,43.22989655,44.3956337,Access to Electricity
71,Estonia,100.0,100.0,100.0,100.0,100.0,100.0,100.0,100.0,100.0,100.0,100.0,100.0,100.0,100.0,100.0,Access to Electricity
71,Estonia,4540.492561,4680.447946,4767.462935,5158.602778,5429.525522,5531.545829,5869.424789,6277.411463,6364.56783,5975.953811,6506.318181,6314.414448,6689.367776,6664.658569,6732.367473,Electric Power consumption
224,Eswatini,,26.9,25.87891197,28.69206429,31.4945755,34.28542328,35.2,39.84580612,42.62765884,38.6,45.55233761,51.05468369,54.21104813,57.46309662,65.0,Access to Electricity
224,Eswatini,,,,,,,,,,,,,,,,Electric Power consumption
72,Ethiopia,22.75582252,26.570061,26.23246613,28.62662281,30.77876001,33.53141756,37.4828615,39.56648274,40.99317774,42.15457735,48.29988402,52.5516284,57.21096369,64.05566078,69.1987454,Electric Power consumption
72,Ethiopia,12.7,25.47764397,26.37947845,27.27184677,28.1535759,14.0,29.88457489,,31.60352707,32.47401428,33.36016083,23.0,35.20266342,36.16123581,27.2,Access to Electricity
68,Euro area,6236.133577,6377.487393,6480.539308,6619.3647,6741.623103,6784.978355,6856.028363,6861.332317,6853.877451,6496.23453,6773.187452,6643.921905,6637.191565,6536.964721,6352.829899,Electric Power consumption
68,Euro area,100.0,100.0,100.0,100.0,100.0,100.0,100.0,100.0,100.0,100.0,100.0,100.0,100.0,100.0,100.0,Access to Electricity
65,Europe & Central Asia,4946.269183,5037.71723,5083.836362,5197.762327,5304.443191,5383.679298,5499.398228,5557.77447,5588.816998,5300.515461,5533.995341,5494.45974,5526.173606,5463.899376,5376.771246,Electric Power consumption
65,Europe & Central Asia,99.94463721,99.94953268,99.95858597,99.97111154,99.957909,99.94726865,99.94574736,99.95409949,99.96570837,99.97042041,99.96992437,99.96340358,99.978344,99.97571498,99.98241977,Access to Electricity
231,Europe & Central Asia (IDA & IBRD countries),99.88022642,99.89039257,99.91019836,99.93711671,99.9080419,99.8843899,99.88067806,99.89871754,99.92414314,99.93449131,99.93936336,99.92640402,99.95649209,99.95124746,99.96472986,Access to Electricity
231,Europe & Central Asia (IDA & IBRD countries),3344.22994,3385.398605,3402.812544,3525.716587,3626.473177,3712.117242,3894.876207,4005.16499,4076.929476,3866.56199,4076.790627,4173.396266,4234.59054,4203.487676,4231.201774,Electric Power consumption
64,Europe & Central Asia (excluding high income),3358.736515,3401.986745,3424.182651,3548.354989,3649.190943,3740.304428,3926.645108,4040.206908,4111.826445,3893.648357,4105.188502,4204.256107,4270.709825,4233.117818,4260.77205,Electric Power consumption
64,Europe & Central Asia (excluding high income),99.86444419,99.87595884,99.89847618,99.92889339,99.89600182,99.86923489,99.86503085,99.88543777,99.91420646,99.9259256,99.93291397,99.91861875,99.95191678,99.94615646,99.96107329,Access to Electricity
73,European Union,5780.19697,5916.933866,5996.401144,6127.244174,6242.218406,6295.437647,6380.760811,6405.551732,6409.244151,6082.503346,6350.408044,6247.777225,6248.063856,6160.732414,6021.86082,Electric Power consumption
73,European Union,100.0,100.0,100.0,100.0,100.0,100.0,100.0,100.0,100.0,100.0,100.0,100.0,100.0,100.0,100.0,Access to Electricity
78,Faroe Islands,100.0,100.0,100.0,100.0,100.0,100.0,100.0,100.0,100.0,100.0,100.0,100.0,100.0,100.0,100.0,Access to Electricity
78,Faroe Islands,,,,,,,,,,,,,,,,Electric Power consumption
76,Fiji,,,,,,,,,,,,,,,,Electric Power consumption
76,Fiji,75.71011353,77.01029205,79.63,80.0,80.85640717,82.11653137,83.36753082,88.9,86.16,87.12715149,89.1906662,90.10233307,91.02597809,91.75,93.74333954,Access to Electricity
75,Finland,100.0,100.0,100.0,100.0,100.0,100.0,100.0,100.0,100.0,100.0,100.0,100.0,100.0,100.0,100.0,Access to Electricity
75,Finland,15305.40981,15709.88325,16140.06697,16445.57256,16777.56585,16117.89033,17215.03729,17160.86312,16349.23333,15243.11039,16484.09428,15710.97376,15689.22331,15510.8355,15249.98938,Electric Power consumption
74,Fragile and conflict affected situations,405.1643706,416.081377,431.5689008,427.2754189,455.3318433,452.0935979,471.5733702,462.5982697,454.7831395,448.2124625,493.8352826,494.9325798,468.4064842,477.2186209,441.2406673,Electric Power consumption
74,Fragile and conflict affected situations,32.46619483,35.42743457,38.09493973,40.03417206,39.59286459,37.27404795,42.75882841,45.89610613,44.51992881,44.14961424,44.19456195,45.40829507,47.46182279,49.02685625,48.04599715,Access to Electricity
77,France,7224.526985,7342.256436,7299.248579,7529.551025,7661.490447,7652.863698,7540.29589,7513.57933,7643.451037,7338.042919,7734.727021,7232.978684,7363.423235,7367.843768,6939.943525,Electric Power consumption
77,France,100.0,100.0,100.0,100.0,100.0,100.0,100.0,100.0,100.0,100.0,100.0,100.0,100.0,100.0,100.0,Access to Electricity
199,French Polynesia,100.0,100.0,100.0,100.0,100.0,100.0,100.0,100.0,100.0,100.0,100.0,100.0,100.0,100.0,100.0,Access to Electricity
199,French Polynesia,,,,,,,,,,,,,,,,Electric Power consumption
80,Gabon,73.6,77.13812256,77.86385345,78.5801239,79.28574371,81.6,80.66454315,81.34632111,82.03128815,82.72566986,89.48566437,88.87747955,89.3,86.4,86.98995209,Access to Electricity
80,Gabon,880.0358853,899.8352952,926.0193587,936.4019437,915.9484351,916.1842436,945.3593484,969.7364802,981.8654522,942.6836847,957.4262412,966.9784861,988.7539243,1079.760273,1167.851594,Electric Power consumption
86,"Gambia, The",34.3,29.86666489,31.50168228,27.8,34.74214935,30.4562675,37.93951416,39.53058243,41.12483215,42.728508,47.41400146,48.81459427,50.1972847,51.5,52.95340729,Access to Electricity
86,"Gambia, The",,,,,,,,,,,,,,,,Electric Power consumption
82,Georgia,,,99.9,100.0,99.93,97.93505412,100.0,100.0,100.0,100.0,100.0,100.0,100.0,100.0,100.0,Access to Electricity
82,Georgia,1574.391404,1583.559873,1653.380721,1749.863857,1814.45966,1916.479029,1769.171675,1829.976908,1881.537211,1833.044561,2049.544524,2289.134849,2329.92587,2498.340357,2693.97276,Electric Power consumption
55,Germany,100.0,100.0,100.0,100.0,100.0,100.0,100.0,100.0,100.0,100.0,100.0,100.0,100.0,100.0,100.0,Access to Electricity
55,Germany,6635.421406,6762.653396,6900.780527,7009.726492,7108.962524,7138.221485,7212.437448,7229.089913,7187.764009,6817.158398,7264.322591,7281.272174,7270.152523,7217.529089,7035.482975,Electric Power consumption
83,Ghana,326.1605334,332.0354089,305.9806851,217.9244761,216.901507,242.7726544,293.2205767,241.2912833,261.2902689,260.105698,277.4861626,315.1524519,342.200517,375.9446394,351.3014757,Electric Power consumption
83,Ghana,43.7,44.8535614,46.89822769,48.3,50.95799255,41.25,55.09345008,56.97537231,60.5,60.99259567,64.2,64.06256,56.51,70.7,78.3,Access to Electricity
84,Gibraltar,3893.053634,3860.270852,3894.444964,3993.119548,4008.502885,4244.175546,4368.641532,4474.406395,4795.948764,5035.456767,5121.333929,4939.300167,5081.270615,5431.234048,5692.9372,Electric Power consumption
84,Gibraltar,100.0,100.0,100.0,100.0,100.0,100.0,100.0,100.0,100.0,100.0,100.0,100.0,100.0,100.0,100.0,Access to Electricity
89,Greece,4586.32987,4719.147217,4909.639698,5091.292424,5200.024354,5297.200025,5434.576469,5701.330854,5805.192546,5627.883706,5333.439556,5389.333122,5534.897159,5028.995794,5062.606422,Electric Power consumption
89,Greece,100.0,100.0,100.0,100.0,100.0,100.0,100.0,100.0,100.0,100.0,100.0,100.0,100.0,100.0,100.0,Access to Electricity
91,Greenland,100.0,100.0,100.0,100.0,100.0,100.0,100.0,100.0,100.0,100.0,100.0,100.0,100.0,100.0,100.0,Access to Electricity
91,Greenland,,,,,,,,,,,,,,,,Electric Power consumption
90,Grenada,,,,,,,,,,,,,,,,Electric Power consumption
90,Grenada,85.93244171,86.32830811,86.71588898,87.0940094,87.46147919,87.81729126,88.16397095,88.50760651,90.0,89.21065521,89.58255005,88.8,90.39653778,90.84085846,91.30526733,Access to Electricity
93,Guam,,,,,,,,,,,,,,,,Electric Power consumption
93,Guam,100.0,100.0,100.0,100.0,100.0,100.0,100.0,100.0,100.0,100.0,100.0,100.0,100.0,100.0,100.0,Access to Electricity
92,Guatemala,73.318205,73.75078583,78.667838,78.512204,77.30284882,78.46495819,83.730998,80.76786804,81.92097473,83.08351135,84.26170349,84.026414,86.68829346,87.93890381,85.494371,Access to Electricity
92,Guatemala,332.1897665,359.5987555,364.8481937,453.8742172,486.9064354,486.1645073,540.4390869,552.4961496,540.8572883,549.9211082,556.0430604,550.2869363,550.2659935,578.9026189,601.1897311,Electric Power consumption
85,Guinea,,,,,,,,,,,,,,,,Electric Power consumption
85,Guinea,15.46630478,16.70739174,17.94019127,19.16352463,20.3762188,20.2,22.76914978,23.95799637,25.15003014,26.3514843,27.56859589,28.80760193,26.2,31.36256409,32.67219543,Access to Electricity
87,Guinea-Bissau,,,,,,,,,,,,,,,,Electric Power consumption
87,Guinea-Bissau,,,,,,,14.5361991,7.998231411,9.323233604,4.7,6.0,13.37971306,14.7781086,16.20061493,17.2,Access to Electricity
94,Guyana,74.48694611,75.09686279,75.69849396,76.29065704,76.87217712,77.5,73.38258786,78.56044006,79.12129974,77.6,82.98226166,83.99753571,84.99491119,85.97098541,86.9,Access to Electricity
94,Guyana,,,,,,,,,,,,,,,,Electric Power consumption
100,Haiti,33.7,31.542382,33.19704437,31.6,34.19499969,34.67699432,33.9,35.61966324,36.092659,36.57507706,37.07315063,37.59311676,37.9,38.71000671,39.4816246,Access to Electricity
100,Haiti,35.79951421,35.19650219,30.61405862,28.7636959,28.29641646,37.3017096,37.66807237,25.48619659,23.73900775,35.92553046,24.52429403,31.28613747,46.14219092,43.84332089,39.05580876,Electric Power consumption
98,Heavily indebted poor countries (HIPC),131.1177985,141.2446645,141.195477,144.0242362,152.3750947,158.5938543,168.803721,171.2281388,170.8626723,172.9837044,182.7817506,189.0278208,201.9913104,207.634237,214.03765,Electric Power consumption
98,Heavily indebted poor countries (HIPC),18.92383723,22.08304429,22.2129678,23.44257632,24.04041799,21.62783523,25.8407529,26.66912542,27.90276502,28.05220746,29.34728537,28.72173407,32.39857969,33.25170716,34.94489889,Access to Electricity
95,High income,99.94997831,99.94564615,99.94969002,99.97141346,99.95636217,99.9590997,99.98564237,99.96887519,99.97161749,99.9894782,99.99152597,99.99067038,99.99842083,99.99255001,99.99896985,Access to Electricity
95,High income,8832.538043,8747.589973,8898.683754,8978.299991,9109.554197,9274.305337,9287.832262,9380.785535,9337.879082,8933.637188,9310.123949,9193.713543,9130.218512,9130.010652,9065.866211,Electric Power consumption
97,Honduras,67.37645721,64.2,63.141137,65.090464,67.113528,68.903309,71.266448,73.548187,76.396899,78.269685,80.984668,82.195298,83.607727,87.184881,88.653773,Access to Electricity
97,Honduras,488.401417,495.4152246,516.6491636,540.2231224,538.9297446,573.402644,583.9439005,634.9474676,656.0618372,624.3574235,617.8563738,663.9805581,636.6388248,643.17606,619.837087,Electric Power consumption
96,"Hong Kong SAR, China",100.0,100.0,100.0,100.0,100.0,100.0,100.0,100.0,100.0,100.0,100.0,100.0,100.0,100.0,100.0,Access to Electricity
96,"Hong Kong SAR, China",5446.661665,5549.945638,5647.899646,5713.882451,5782.560625,5878.441848,5882.807601,5907.349305,5883.037742,5950.83754,5973.349278,5959.895922,6031.244318,5941.160902,6083.269936,Electric Power consumption
101,Hungary,3309.283711,3426.722902,3545.170756,3637.278332,3680.168467,3771.364614,3882.490664,3976.518977,3988.767694,3773.153807,3876.491084,3898.823143,3923.042324,3892.113701,3965.958233,Electric Power consumption
101,Hungary,100.0,100.0,100.0,100.0,100.0,100.0,100.0,100.0,100.0,100.0,100.0,100.0,100.0,100.0,100.0,Access to Electricity
102,IBRD only,1166.548371,1192.971842,1246.129502,1335.913754,1428.468991,1512.498983,1634.502933,1756.690118,1812.947648,1853.90228,2014.251816,2160.293327,2235.934158,2339.71743,2402.897158,Electric Power consumption
102,IBRD only,84.21492039,83.12252088,85.31779983,85.91685897,86.47212634,87.08856387,88.0229053,88.55967793,89.3857735,90.62406634,91.50209561,89.20333413,92.79123822,93.14064783,93.98249613,Access to Electricity
103,IDA & IBRD total,996.2287116,1017.114184,1059.876495,1132.194618,1207.791508,1275.312625,1373.076577,1468.902795,1509.264971,1539.543922,1667.760687,1781.13716,1834.724966,1914.248553,1960.437215,Electric Power consumption
103,IDA & IBRD total,74.26364157,73.71230263,75.227985,75.98675278,76.20100035,76.24571289,77.58974792,78.69746738,78.87963005,79.73797194,80.41453779,79.01979694,82.15782384,82.50476575,83.13030431,Access to Electricity
105,IDA blend,54.4900754,55.17426974,55.57485129,58.02737377,56.69865966,56.97232516,57.39662864,58.4842795,58.85644385,58.23449607,57.1644869,61.666521,61.19730843,62.20163531,61.40996897,Access to Electricity
105,IDA blend,345.7049945,345.0516423,355.8486265,362.8324212,376.8175847,387.8614201,394.1727197,391.0157368,366.5898875,367.3416093,376.8760092,377.062065,374.6738208,383.9861086,380.8000663,Electric Power consumption
107,IDA only,23.57889425,26.15322275,30.12125642,31.55890434,31.69842004,30.92310298,35.23333894,35.94103798,37.19604187,37.71243384,38.10557178,38.75386151,42.13616502,42.72750139,43.65888555,Access to Electricity
107,IDA only,178.9861837,188.3204369,192.7254362,200.1873315,214.8687487,223.6756241,236.0020414,241.2316597,241.9964398,245.8400193,268.5814493,272.8106396,271.3839949,273.0035208,275.977865,Electric Power consumption
104,IDA total,34.98974615,36.85064422,38.86355988,40.64770552,40.24122423,39.68540263,42.68113162,44.01432124,44.46395938,44.55759471,44.47158175,46.41836578,48.51898589,49.25560022,49.61532211,Access to Electricity
104,IDA total,243.9922839,249.4777266,256.4121204,263.717481,278.1643766,287.8998658,297.9408674,299.9658717,290.9321587,293.6501952,311.3017537,314.0454865,311.9850795,316.7300607,317.3708334,Electric Power consumption
114,Iceland,100.0,100.0,100.0,100.0,100.0,100.0,100.0,100.0,100.0,100.0,100.0,100.0,100.0,100.0,100.0,Access to Electricity
114,Iceland,26201.52558,26950.39443,27896.89868,27666.38689,28215.45225,27988.02968,31328.3868,36852.54489,50063.95433,51259.18763,51439.90869,52373.87701,53202.83366,54799.17471,53832.47909,Electric Power consumption
109,India,59.34104538,55.8,62.3,64.02313232,64.4,67.09343719,67.9,70.13076019,71.6510849,75.0,76.3,67.6,79.9,80.73804474,83.58521271,Access to Electricity
109,India,393.6462478,393.8101981,410.6447839,430.4831633,451.6115461,468.025754,509.2140548,541.7383952,561.2475814,598.4982419,640.3946068,696.8426815,723.2369166,764.2011341,804.5163493,Electric Power consumption
106,Indonesia,86.3,86.26,87.6,87.94,89.01,85.42111206,90.62,91.1,92.73,93.55,94.15,94.83,96.0,96.46425831,97.01,Access to Electricity
106,Indonesia,390.4236575,411.4679009,417.4959637,428.8558214,474.3743828,500.6507859,516.0339127,546.153483,570.0604734,593.9429677,635.9852472,680.2820222,733.3738901,773.9908142,811.9098582,Electric Power consumption
112,"Iran, Islamic Rep.",1546.506347,1643.979857,1745.26785,1888.68811,2009.520375,2079.560256,2221.196825,2307.290873,2422.580797,2505.854213,2659.955255,2681.504789,2784.621808,2830.811233,3022.121939,Electric Power consumption
112,"Iran, Islamic Rep.",97.9,98.11628723,98.24790955,98.37006378,98.48157501,98.58142853,98.4,98.7598114,98.85066223,99.71,99.64732361,99.69103241,99.71684265,99.83,100.0,Access to Electricity
113,Iraq,1240.978383,1240.696429,1264.924541,1040.105944,1202.257155,836.5190777,981.8521659,782.0504727,769.3652084,863.1092566,1237.039488,1314.226173,1141.140994,1427.720026,1328.230493,Electric Power consumption
113,Iraq,,,,,,,97.62211156,98.1,97.96062469,98.09731293,98.25507355,98.0,99.3,98.84931946,99.09417725,Access to Electricity
111,Ireland,5796.055581,5896.939225,6035.686646,6092.548994,6168.398988,6241.715574,6351.099111,6218.313404,6340.733045,5947.909489,5927.86868,5657.538159,5651.008483,5698.756179,5672.064134,Electric Power consumption
111,Ireland,100.0,100.0,100.0,100.0,100.0,100.0,100.0,100.0,100.0,100.0,100.0,100.0,100.0,100.0,100.0,Access to Electricity
108,Isle of Man,,,,,,,,,,,,,,,,Electric Power consumption
108,Isle of Man,100.0,100.0,100.0,100.0,100.0,100.0,100.0,100.0,100.0,100.0,100.0,100.0,100.0,100.0,100.0,Access to Electricity
115,Israel,6323.103832,6400.217425,6502.739726,6597.306307,6525.921574,6572.199535,6711.229567,7003.24508,7134.002846,6607.887143,6953.276667,6930.000773,7184.501612,6710.093678,6600.89828,Electric Power consumption
115,Israel,100.0,100.0,100.0,100.0,100.0,100.0,100.0,100.0,100.0,100.0,100.0,100.0,100.0,100.0,100.0,Access to Electricity
116,Italy,5299.856479,5406.491722,5539.703837,5652.519542,5687.997573,5731.101557,5833.467297,5804.325964,5757.960611,5368.390567,5493.711037,5514.803615,5397.741477,5159.183655,5002.40668,Electric Power consumption
116,Italy,100.0,100.0,100.0,100.0,100.0,100.0,100.0,100.0,100.0,100.0,100.0,100.0,100.0,100.0,100.0,Access to Electricity
117,Jamaica,84.38311005,87.708112,86.681291,86.67273712,87.41622925,88.14806366,88.87075806,89.59040833,92.0,91.04549408,92.2,91.1,93.1,93.9,93.3,Access to Electricity
117,Jamaica,2276.341791,2277.633504,2345.476509,2408.61758,2380.168637,2397.080292,2371.829362,1926.86371,1160.370959,1222.17338,1216.169287,1204.91222,1037.60281,1013.044345,1050.732539,Electric Power consumption
119,Japan,100.0,100.0,100.0,100.0,100.0,100.0,100.0,100.0,100.0,100.0,100.0,100.0,100.0,100.0,100.0,Access to Electricity
119,Japan,8299.409506,8162.014644,8266.099102,8164.933682,8393.257723,8539.010589,8542.478139,8710.025703,8270.007731,8020.273806,8594.909034,8099.598695,7998.346771,7988.58331,7819.714636,Electric Power consumption
118,Jordan,98.85403442,98.94203949,99.5,99.09201813,99.17343682,99.19959259,100.0,98.8,100.0,99.4,100.0,99.71602631,99.5,99.76028442,99.88537598,Access to Electricity
118,Jordan,1289.605944,1324.049398,1401.594805,1442.206125,1551.904299,1578.315951,1678.865241,1784.729405,1847.639729,1812.205491,1845.338338,1846.700017,1917.808524,1854.327366,1864.932387,Electric Power consumption
120,Kazakhstan,99.47368622,99.65,99.81,99.92,99.96,100.0,99.76654765,100.0,100.0,100.0,100.0,99.79746835,100.0,100.0,100.0,Access to Electricity
120,Kazakhstan,3169.523341,3512.035501,3558.327279,3768.792568,3859.192816,4012.073919,4261.212294,4487.28613,4658.571898,4447.324403,4728.011591,4892.734896,5180.65351,5345.468427,5600.208465,Electric Power consumption
121,Kenya,15.14182186,17.0676403,18.98517036,16.0,22.79066277,24.67642593,26.55305481,28.42663383,30.30339813,23.0,19.2,36.01516342,37.96532059,39.93959045,36.0,Access to Electricity
121,Kenya,104.3968793,113.8862396,113.1200738,118.689293,125.8584649,128.164183,135.8600415,139.4359842,138.8721909,139.7982553,147.8443701,148.7090613,150.4392902,160.9842323,164.3252601,Electric Power consumption
124,Kiribati,,,,,,,,,,,,,,,,Electric Power consumption
124,Kiribati,,,,,,69.67640546,68.8,67.47807312,69.90923309,64.19,63.16773671,77.28418732,79.78873444,82.31739807,84.86615753,Access to Electricity
193,"Korea, Dem. People's Rep.",712.3705541,735.1840761,713.3843282,750.941895,779.5138699,807.0141076,785.2465277,749.1629228,803.6563174,728.1297051,742.9678958,656.0103289,652.9670729,619.0657655,601.6890634,Electric Power consumption
193,"Korea, Dem. People's Rep.",,,,,,,,,,26.0,29.29593086,31.45312309,33.63673401,35.84445572,38.07227325,Access to Electricity
126,"Korea, Rep.",5906.959333,6309.203405,6673.937704,6977.317662,7390.794147,7796.314674,8039.796283,8462.206543,8772.287463,8877.574933,9716.126081,10129.95709,10305.32898,10384.62216,10496.51367,Electric Power consumption
126,"Korea, Rep.",100.0,100.0,100.0,100.0,100.0,100.0,100.0,100.0,100.0,100.0,100.0,100.0,100.0,100.0,100.0,Access to Electricity
261,Kosovo,100.0,100.0,100.0,100.0,100.0,100.0,100.0,100.0,100.0,100.0,99.0,100.0,99.75,99.75,99.68,Access to Electricity
261,Kosovo,1557.058824,1968.075789,1953.815697,1908.461924,2111.318521,2169.095663,2225.018842,2395.863861,2644.526129,2558.084877,2649.689133,2946.957007,2859.821173,2917.304002,2818.337231,Electric Power consumption
127,Kuwait,100.0,100.0,100.0,100.0,100.0,100.0,100.0,100.0,100.0,100.0,100.0,100.0,100.0,100.0,100.0,Access to Electricity
127,Kuwait,14066.14663,14513.57004,15143.72311,16387.66373,16686.22285,17076.49912,17765.80565,17093.27299,17031.18588,16519.0793,16757.33417,15900.92846,16053.85965,15195.17738,15590.61258,Electric Power consumption
122,Kyrgyz Republic,99.57141113,99.57012177,100.0,99.54150391,99.51182556,99.44230769,98.89,99.54,99.51,99.5,99.0,98.32,99.8,98.93,99.8,Access to Electricity
122,Kyrgyz Republic,1696.064021,1445.875715,1365.94065,1644.359844,1417.908986,1374.307519,1377.433696,1456.229595,1378.720364,1323.723367,1371.721214,1649.258332,1809.102582,1887.020071,1941.221832,Electric Power consumption
129,Lao PDR,42.48462296,45.27884674,46.3,48.0,53.60709,57.2,57.0410587,54.96,66.0,67.34804535,70.11830139,70.0,76.36662775,79.51023865,83.17922974,Access to Electricity
129,Lao PDR,,,,,,,,,,,,,,,,Electric Power consumption
142,Late-demographic dividend,1538.880957,1592.015548,1679.785768,1829.532954,1986.882299,2134.429246,2341.212322,2556.014798,2657.555498,2740.516212,3011.270805,3247.51168,3388.580909,3581.595888,3696.508292,Electric Power consumption
142,Late-demographic dividend,95.77769642,96.20344305,96.59923242,96.85023821,97.10575158,97.57364577,98.24237328,97.93811492,98.24328764,97.88957495,98.46562126,98.66006647,98.76010386,98.93265991,98.94445124,Access to Electricity
134,Latin America & Caribbean,1599.862634,1567.722628,1593.597679,1667.755614,1702.200139,1755.46308,1802.779197,1864.206588,1917.587563,1897.86533,1988.326579,2078.518031,2130.839991,2152.557242,2157.896898,Electric Power consumption
134,Latin America & Caribbean,91.69891358,92.35087019,92.645728,92.76547971,93.24900691,93.57878098,94.2890728,94.56138257,95.25249603,95.43630872,96.11715379,96.18682893,96.55893103,96.85531932,97.02997334,Access to Electricity
128,Latin America & Caribbean (excluding high income),91.00172704,91.6800378,92.0018544,92.29931311,92.68925947,93.05624537,93.76464153,94.12030466,94.87735242,95.04182829,95.78168588,95.87425649,96.24895903,96.58699565,96.72651708,Access to Electricity
128,Latin America & Caribbean (excluding high income),1504.497856,1461.745179,1485.474871,1564.817375,1590.040221,1640.884868,1680.795531,1740.982744,1792.644654,1773.631203,1864.518667,1950.48911,1997.168956,2017.968571,2054.249728,Electric Power consumption
236,Latin America & the Caribbean (IDA & IBRD countries),91.50401708,92.19415158,92.5153017,92.61750352,93.11400632,93.45222538,94.18238791,94.46144411,95.1711646,95.3583136,96.05726764,96.12511565,96.50473594,96.80510929,96.98046829,Access to Electricity
236,Latin America & the Caribbean (IDA & IBRD countries),1608.559824,1575.254501,1601.012307,1676.432852,1711.864667,1766.517369,1813.252015,1874.226779,1928.166818,1907.607403,2000.345291,2091.62072,2144.534073,2165.503985,2170.572385,Electric Power consumption
145,Latvia,100.0,100.0,100.0,100.0,100.0,100.0,100.0,100.0,100.0,100.0,100.0,100.0,100.0,100.0,100.0,Access to Electricity
145,Latvia,2082.321387,2213.360603,2307.186518,2493.930169,2607.45996,2777.38198,2966.609973,3169.077295,3213.12144,3026.611489,3229.951062,3264.05332,3587.932866,3472.541385,3507.404521,Electric Power consumption
135,Least developed countries: UN classification,19.21503457,22.04132313,25.24474532,26.64197463,26.77070381,26.26051318,30.33444649,31.00790359,32.66388764,33.19479776,33.48422907,34.33898312,38.36541717,38.54480606,39.19425951,Access to Electricity
135,Least developed countries: UN classification,89.29041202,98.57489799,102.915848,110.6890755,124.8076822,130.8159958,141.4065855,146.4646327,147.509402,155.4000252,169.6653457,177.4754181,187.2137436,200.8524757,211.9884884,Electric Power consumption
130,Lebanon,,,,,99.9,99.60372925,99.38381709,99.9,99.9,99.80111694,99.87401581,99.68401095,99.98432922,99.99804688,100.0,Access to Electricity
130,Lebanon,2513.548806,2480.581929,2535.743705,2499.784658,2407.768061,2384.884015,2296.964553,2396.72086,2559.423432,2729.467906,3046.195244,2948.276651,2487.89191,2766.439326,2588.864544,Electric Power consumption
141,Lesotho,,,,,,,,,,,,,,,,Electric Power consumption
141,Lesotho,4.258760108,1.270180345,3.403664827,5.527685165,6.8,9.742781639,9.7,13.9248991,16.01761818,17.0,17.0,22.37724686,20.56,26.73358154,27.8,Access to Electricity
131,Liberia,,,,,,,,3.0,1.300314069,1.9,5.171546459,4.1,9.128644943,9.8,9.4,Access to Electricity
131,Liberia,,,,,,,,,,,,,,,,Electric Power consumption
132,Libya,2221.768893,2255.638131,2772.144477,2947.756846,3106.216057,3427.887521,3792.335287,3792.771825,3156.431865,3142.328146,3361.748865,2839.083797,2241.259636,2320.599334,1811.054601,Electric Power consumption
132,Libya,99.8,97.11643982,95.42716217,93.72841644,92.01903534,90.29798889,88.56781006,86.83457947,85.10453796,83.38391876,81.67895508,79.99588013,78.3392334,76.70668793,75.09424591,Access to Electricity
137,Liechtenstein,100.0,100.0,100.0,100.0,100.0,100.0,100.0,100.0,100.0,100.0,100.0,100.0,100.0,100.0,100.0,Access to Electricity
137,Liechtenstein,,,,,,,,,,,,,,,,Electric Power consumption
143,Lithuania,2516.905098,2695.906268,2848.913483,3087.655148,3196.849344,3187.03108,3353.304327,3564.206785,3733.626495,3622.290317,3470.78503,3529.918778,3607.703798,3663.671197,3821.14517,Electric Power consumption
143,Lithuania,100.0,100.0,100.0,100.0,100.0,100.0,100.0,100.0,100.0,100.0,100.0,100.0,100.0,100.0,100.0,Access to Electricity
140,Low & middle income,960.9955818,981.6652174,1024.883574,1097.314822,1172.018767,1239.590109,1336.321662,1432.09468,1472.194648,1504.065717,1631.606739,1744.29745,1797.697744,1877.773136,1927.395195,Electric Power consumption
140,Low & middle income,73.87243083,73.31318263,74.85858088,75.64996902,75.85602294,75.90740731,77.26772533,78.39331277,78.58712261,79.22350479,79.93157514,78.53844575,81.71504738,82.07930084,82.71897785,Access to Electricity
136,Low income,12.87158561,16.94496701,20.78382116,22.20041646,22.41335177,19.40083771,24.00791614,24.50920916,26.11360912,25.80286788,26.85011972,26.05087319,30.16081464,31.13132358,31.580486,Access to Electricity
136,Low income,,,,,,,,,,,,,,,,Electric Power consumption
139,Lower middle income,459.7533211,467.6098038,483.8527288,506.3358079,532.563409,553.7955574,585.8782371,612.5824165,625.6725313,645.3790888,688.542862,728.2090605,754.0593147,782.4091671,811.2594953,Electric Power consumption
139,Lower middle income,62.7341424,61.08555427,64.33714599,65.75712369,66.24794394,67.40539838,69.10034026,69.92461358,71.75739877,73.5044049,74.06200487,71.59056833,77.21604421,77.89186538,79.23165082,Access to Electricity
144,Luxembourg,15668.11827,15616.32977,15980.2768,16258.88449,16300.11242,15644.14672,16456.60412,16352.3218,15937.78778,14425.96473,16829.96254,15586.08423,14703.94353,14193.16843,13914.67845,Electric Power consumption
144,Luxembourg,100.0,100.0,100.0,100.0,100.0,100.0,100.0,100.0,100.0,100.0,100.0,100.0,100.0,100.0,100.0,Access to Electricity
146,"Macao SAR, China",,,,,,,,,,,,,,,,Electric Power consumption
146,"Macao SAR, China",100.0,100.0,100.0,100.0,100.0,100.0,100.0,100.0,100.0,100.0,100.0,100.0,100.0,100.0,100.0,Access to Electricity
151,Madagascar,,,,,,,,,,,,,,,,Electric Power consumption
151,Madagascar,13.23051071,14.8,14.07401752,20.3,14.87966824,15.26551056,15.64221954,16.01587868,16.39272118,17.4,12.3,14.3,18.7,12.9,19.02375221,Access to Electricity
168,Malawi,,,,,,,,,,,,,,,,Electric Power consumption
168,Malawi,4.8,5.136980057,5.558670044,6.2,6.9,6.762401581,3.653227333,7.520929813,7.901853561,8.292198181,8.7,7.6,7.4,9.0,11.9,Access to Electricity
169,Malaysia,2747.059918,2758.348424,2820.55094,2914.673538,2984.361616,2873.734241,3065.572896,3272.896663,3286.091575,3942.089425,4145.521977,4102.619661,4338.557177,4520.355223,4651.951414,Electric Power consumption
169,Malaysia,,,,,,,,,,99.3,99.27632141,99.53179169,99.8,99.92416382,99.98835754,Access to Electricity
152,Maldives,83.8,87.51950836,88.41437531,89.2997818,90.17454529,91.03765106,91.89161682,92.74253845,93.59664154,99.9,99.41575623,99.48480225,99.53594971,99.5657959,100.0,Access to Electricity
152,Maldives,,,,,,,,,,,,,,,,Electric Power consumption
158,Mali,9.607888222,10.8,13.12046623,14.86314678,16.59518623,18.3155632,16.6,21.73500252,23.44638062,24.03089583,26.90363884,28.66198921,25.6,32.25564575,34.08462143,Access to Electricity
158,Mali,,,,,,,,,,,,,,,,Electric Power consumption
159,Malta,4311.858637,4292.315051,4500.3523,4872.272205,4797.292583,4912.90976,4897.510042,4873.083467,4836.593963,4434.186633,4767.097378,4867.0568,5002.047483,4915.873765,4924.544019,Electric Power consumption
159,Malta,100.0,100.0,100.0,100.0,100.0,100.0,100.0,100.0,100.0,100.0,100.0,100.0,100.0,100.0,100.0,Access to Electricity
155,Marshall Islands,,,,,,,,,,,,,,,,Electric Power consumption
155,Marshall Islands,68.51438141,70.01934814,71.51602936,73.00325012,74.47982788,75.9447403,77.40052032,72.3,80.30916595,81.77450562,89.24352264,89.91960679,90.54963684,91.1724472,91.82859039,Access to Electricity
166,Mauritania,,,,,,,,,,,,,,,,Electric Power consumption
166,Mauritania,,22.2,21.51865578,22.90974617,24.29019547,18.2,27.0186367,33.04054054,30.0,31.10423851,33.92690277,35.13134003,36.31787491,37.48311234,38.8,Access to Electricity
167,Mauritius,1363.24611,1453.664547,1473.492493,1561.765991,1614.246648,1683.690833,1743.117482,1816.671103,1881.649775,1907.12257,1995.361484,2025.704166,2075.035712,2148.328411,2182.509156,Electric Power consumption
167,Mauritius,99.0,99.24628448,99.4,99.21391296,99.18235779,99.13913727,99.08678436,99.0313797,98.97916412,98.93636322,99.58998108,99.6,99.49635315,99.41928864,99.37555695,Access to Electricity
154,Mexico,1800.467938,1834.151441,1843.963566,2001.018228,1927.073886,1996.392649,2020.952833,2047.531099,2046.69443,1995.298295,2018.827437,2216.906197,2253.514406,2144.08898,2157.323788,Electric Power consumption
154,Mexico,98.007132,97.14319611,97.897085,97.50493622,98.597701,98.932728,99.11416,98.11062622,98.914037,98.409729,99.236696,99.06409454,99.111637,99.23202515,99.172928,Access to Electricity
79,"Micronesia, Fed. Sts.",46.0,48.41128922,50.19380188,51.9668541,53.72926331,55.48000717,57.22162247,58.960186,60.701931,62.45310211,64.53152025,66.68044281,68.60435486,70.50697327,72.44293213,Access to Electricity
79,"Micronesia, Fed. Sts.",,,,,,,,,,,,,,,,Electric Power consumption
153,Middle East & North Africa,1750.977457,1829.12617,1911.358991,2004.648562,2068.795212,2147.572747,2264.399969,2333.771813,2415.221784,2469.342226,2659.041195,2693.049363,2750.695936,2799.530476,2895.956155,Electric Power consumption
153,Middle East & North Africa,91.0741455,91.34997609,91.38023465,92.39837783,92.41298773,93.19349356,95.64552167,93.79731093,94.80680039,94.89100272,95.7794586,95.82597428,95.40188482,97.07460883,96.08407959,Access to Electricity
238,Middle East & North Africa (IDA & IBRD countries),89.35281723,89.67683089,89.82033816,91.00198691,91.03663234,91.90922247,94.89021174,92.7145073,93.96349149,94.05237017,95.05031869,95.09401496,94.58295597,96.54903037,95.37102463,Access to Electricity
238,Middle East & North Africa (IDA & IBRD countries),1055.086789,1105.414899,1166.674714,1213.642364,1283.536489,1310.755193,1387.051816,1423.195764,1460.940156,1496.507053,1626.69688,1654.070731,1643.723407,1677.510835,1702.878547,Electric Power consumption
161,Middle East & North Africa (excluding high income),89.50068078,89.8080186,89.94176691,91.1120897,91.13088426,92.01752295,94.94947256,92.77554774,94.02007243,94.09421101,95.10549566,95.14680211,94.64259347,96.58596249,95.42387597,Access to Electricity
161,Middle East & North Africa (excluding high income),1055.086789,1105.414899,1166.674714,1213.642364,1283.536489,1310.755193,1387.051816,1423.195764,1460.940156,1496.507053,1626.69688,1654.070731,1643.723407,1677.510835,1702.878547,Electric Power consumption
156,Middle income,78.08787488,77.23527443,78.95302313,79.76410221,80.0969358,80.76981124,81.92124608,82.33839902,83.3397913,84.46960878,85.15172918,83.77426321,86.92815956,87.30009842,88.03032796,Access to Electricity
156,Middle income,999.4163586,1020.747081,1066.648543,1142.643826,1221.228115,1292.55772,1395.10486,1497.14982,1540.176304,1575.291907,1709.738173,1831.488842,1893.699066,1981.015634,2035.322064,Electric Power consumption
150,Moldova,2039.13902,2246.292058,2330.867781,2616.527468,2440.981408,2549.071002,2696.438833,2485.184078,2524.787619,2166.98681,2144.689107,1830.176797,1885.322323,1683.986942,1725.616479,Electric Power consumption
150,Moldova,100.0,100.0,99.0,100.0,99.1,98.6,100.0,100.0,100.0,100.0,100.0,100.0,100.0,100.0,100.0,Access to Electricity
149,Monaco,,,,,,,,,,,,,,,,Electric Power consumption
149,Monaco,100.0,100.0,100.0,100.0,100.0,100.0,100.0,100.0,100.0,100.0,100.0,100.0,100.0,100.0,100.0,Access to Electricity
163,Mongolia,1053.633974,1071.254103,1096.894683,1139.436115,1196.125291,1251.96473,1298.628214,1332.783822,1423.686851,1377.817438,1488.656577,1495.836096,1588.134378,1893.96634,2006.386834,Electric Power consumption
163,Mongolia,67.3,71.7061615,72.80158997,76.3,74.96286774,86.2,77.08104706,78.13251495,79.18717194,80.25125122,78.50208044,72.05707491,83.56066895,81.2,85.88508606,Access to Electricity
162,Montenegro,,,,,,6314.905228,6451.770253,6564.643799,6287.187849,5010.561319,5419.51607,5741.203943,5415.717989,4574.964545,4612.34139,Electric Power consumption
162,Montenegro,100.0,100.0,100.0,100.0,100.0,99.83022071,100.0,100.0,100.0,100.0,100.0,99.0,100.0,99.7,97.7,Access to Electricity
148,Morocco,490.0382278,524.9203616,536.0083504,581.6427986,612.2822511,634.4653684,688.1744529,717.2775222,733.5238472,745.7150278,775.9546744,825.8225738,876.8452391,881.4289958,904.4418639,Electric Power consumption
148,Morocco,69.55908966,71.36521149,73.16304016,74.95140839,78.2,78.49519348,96.5,82.00601196,83.76307678,85.5295639,92.59702301,93.38168335,94.14844513,97.2,91.6,Access to Electricity
165,Mozambique,6.089135647,5.7,8.48664856,8.1,10.84630394,12.0091486,13.16286087,12.4,13.57122385,15.0,18.83759689,20.2,21.23671913,22.40603065,24.8,Access to Electricity
165,Mozambique,125.6215798,277.3588066,265.772806,374.4743508,448.9077624,451.0116582,459.0109311,459.8280494,443.4250188,443.7704802,453.3059783,454.3669251,459.9666335,451.0430679,478.920644,Electric Power consumption
160,Myanmar,,,47.0,45.20727539,46.31351089,47.40808105,48.49352264,49.57591248,50.66148758,51.75648499,48.8,53.99968338,55.15865326,56.34173203,52.0,Access to Electricity
160,Myanmar,75.25733578,68.37462919,73.03652038,79.93950932,80.51150296,74.85199519,88.33483442,89.45722879,94.15248761,99.36246036,124.3062687,154.3813595,156.0089924,185.3720973,215.2988584,Electric Power consumption
171,Namibia,1052.05499,1090.111298,1127.1826,1169.700811,1453.554657,1521.423751,1606.539381,1606.266783,1638.949545,1583.343705,1586.217605,1610.795763,1660.760979,1692.406468,1652.571933,Electric Power consumption
171,Namibia,36.5,35.98637009,36.96955109,37.94327164,38.906353,39.85776901,40.80005264,43.7,42.68170547,44.1,44.60103989,42.3,46.60624313,47.4,48.70618057,Access to Electricity
179,Nauru,,,,,,,,,,,,,,,,Electric Power consumption
179,Nauru,99.33805847,99.3480072,99.34966278,99.34185028,99.3234024,99.29328918,99.25404358,99.8,99.17263794,99.14295197,99.12892151,99.0,99.17106628,99.22946167,99.30794525,Access to Electricity
178,Nepal,58.81100112,64.48403143,67.54126539,70.53181547,74.43152432,77.06500418,83.82346403,87.63356253,83.47526816,96.93667101,102.5424342,115.8231766,120.9003911,136.6433114,146.4730037,Electric Power consumption
178,Nepal,28.91624069,24.6,36.07150269,42.41,37.2,46.73062515,51.2,53.7927475,57.32546997,60.86761093,68.6,67.26,74.73197174,77.60891724,84.9,Access to Electricity
176,Netherlands,6507.105925,6599.26537,6641.740762,6695.715124,6882.970221,6912.372085,7025.834479,7157.378577,7173.046299,6856.281897,7006.273821,7060.053768,6876.589753,6833.911435,6712.774758,Electric Power consumption
176,Netherlands,100.0,100.0,100.0,100.0,100.0,100.0,100.0,100.0,100.0,100.0,100.0,100.0,100.0,100.0,100.0,Access to Electricity
172,New Caledonia,100.0,100.0,100.0,100.0,100.0,100.0,100.0,100.0,100.0,100.0,100.0,100.0,100.0,100.0,100.0,Access to Electricity
172,New Caledonia,,,,,,,,,,,,,,,,Electric Power consumption
180,New Zealand,9384.348187,9417.343126,9526.655692,9407.032181,9666.299694,9673.673771,9700.090809,9640.607983,9556.317198,9403.848836,9601.903142,9458.485401,9360.949162,9089.619774,9012.731097,Electric Power consumption
180,New Zealand,100.0,100.0,100.0,100.0,100.0,100.0,100.0,100.0,100.0,100.0,100.0,100.0,100.0,100.0,100.0,Access to Electricity
175,Nicaragua,72.77522278,72.22158,73.90290833,74.45314026,74.99273682,73.821815,76.03946686,76.55521393,77.07414246,77.916313,78.14650726,78.71240997,79.54708099,80.75727081,81.853073,Access to Electricity
175,Nicaragua,344.8201037,343.6100865,352.3444799,367.3389562,392.5493902,412.4153381,424.7557518,458.4919033,471.8182967,477.4139515,506.519681,528.3722695,569.3243494,586.5603776,568.3137183,Electric Power consumption
173,Niger,6.481481481,8.391811371,8.913032532,9.424788475,9.925904274,7.1,9.3,11.37294674,11.85340118,12.34327698,13.3953104,14.3,14.4,15.16402817,15.76677132,Access to Electricity
173,Niger,32.74041414,30.80493464,30.43481257,29.80712419,33.52147515,36.69866448,34.85584563,39.08642895,39.21076725,42.60521484,44.21761993,47.3859713,49.33912268,48.25908721,51.19494192,Electric Power consumption
174,Nigeria,42.93611908,43.76881409,44.59322357,52.2,46.21246719,47.00510788,47.78861618,50.13091943,50.3,50.14577866,48.0,55.9,53.15390015,55.6,54.42453384,Access to Electricity
174,Nigeria,74.49061979,75.56977626,104.6610449,101.9252114,123.6324865,129.3270312,111.7524163,138.9094166,127.2446137,120.6350712,136.4262652,150.1980159,156.7971517,142.729212,144.5254385,Electric Power consumption
170,North America,14001.20834,13419.03199,13656.44242,13691.15509,13769.83134,14023.67911,13871.14348,13955.28481,13930.9151,13164.35199,13580.59419,13483.99377,13200.44502,13278.45725,13253.82147,Electric Power consumption
170,North America,100.0,100.0,100.0,100.0,100.0,100.0,100.0,100.0,100.0,100.0,100.0,100.0,100.0,100.0,100.0,Access to Electricity
157,North Macedonia,2907.691169,2811.956664,2794.832283,3149.834737,3181.234945,3413.105007,3488.825759,3660.280912,3712.935378,3452.04082,3601.452844,3909.083092,3704.433287,3571.165563,3513.954972,Electric Power consumption
157,North Macedonia,100.0,100.0,100.0,100.0,99.42,100.0,99.0,100.0,99.2,99.2,100.0,99.7261638,100.0,100.0,100.0,Access to Electricity
164,Northern Mariana Islands,100.0,100.0,100.0,99.99880981,99.99087524,99.96778107,99.92762756,100.0,100.0,100.0,100.0,100.0,100.0,100.0,100.0,Access to Electricity
164,Northern Mariana Islands,,,,,,,,,,,,,,,,Electric Power consumption
177,Norway,100.0,100.0,100.0,100.0,100.0,100.0,100.0,100.0,100.0,100.0,100.0,100.0,100.0,100.0,100.0,Access to Electricity
177,Norway,24993.7263,25590.68943,24620.33613,23201.39413,24214.10698,25083.21453,24099.93226,24855.00046,24866.13431,23859.70958,24890.92401,23510.38383,24070.98592,23806.88488,22999.9346,Electric Power consumption
110,Not classified,,,,,,,,,,,,,,,,Access to Electricity
110,Not classified,,,,,,,,,,,,,,,,Electric Power consumption
181,OECD members,7717.812255,7624.10021,7739.760393,7799.706512,7903.519124,8034.546219,8038.321828,8117.580987,8075.116226,7706.752262,8014.453356,7929.824913,7859.297085,7836.323632,7749.503712,Electric Power consumption
181,OECD members,99.62107082,99.65109993,99.5938053,99.58536236,99.67497471,99.75570791,99.75702155,99.65604663,99.75756634,99.6990738,99.81193694,99.79217061,99.81385542,99.84519617,99.84413599,Access to Electricity
182,Oman,3201.978154,3435.791228,3521.838568,3549.630285,3829.445141,3923.93601,4212.723961,4387.387747,4790.698215,5251.746584,5521.078044,5854.015039,6176.903521,6207.2272,6445.58142,Electric Power consumption
182,Oman,100.0,100.0,100.0,100.0,100.0,100.0,99.9992218,100.0,100.0,100.0,100.0,100.0,100.0,100.0,100.0,Access to Electricity
183,Other small states,,,,,,,,,,,,,,,,Electric Power consumption
183,Other small states,60.41588699,56.73565964,57.77651273,58.81738204,60.71671918,62.04510478,60.49409024,62.04584874,63.34303282,63.89255786,66.06152965,68.11341949,69.2896964,70.30217261,71.8655058,Access to Electricity
197,Pacific island small states,54.79882659,56.19133647,58.28219394,59.22931797,60.40894125,62.14908641,61.4685169,63.35003993,66.81077751,64.89918469,69.84705578,71.45953622,72.97764916,72.61815608,76.7469137,Access to Electricity
197,Pacific island small states,,,,,,,,,,,,,,,,Electric Power consumption
184,Pakistan,362.404816,366.848774,372.1906621,395.3926914,412.990296,444.5865162,466.2283605,459.5606365,422.0648344,436.6827154,442.1800633,432.5838733,427.85106,457.8199007,447.5051567,Electric Power consumption
184,Pakistan,70.34899139,70.42551422,70.4937439,70.55251312,70.60064697,70.63711548,70.6644516,70.68873596,70.71620178,70.7530899,70.80564117,70.88008118,70.98094177,71.10591888,71.25098419,Access to Electricity
188,Palau,97.91555786,98.02062225,98.11740112,98.20471191,98.28138733,98.91650733,98.40227509,98.45510101,98.51111603,98.57655334,98.65763855,98.76062775,97.63042631,99.04354858,99.8103,Access to Electricity
188,Palau,,,,,,,,,,,,,,,,Electric Power consumption
185,Panama,1266.527474,1289.146538,1324.147917,1359.589861,1424.133683,1455.158245,1478.031638,1571.950542,1626.754307,1639.465637,1745.138416,1824.64274,1955.373564,2018.539169,2064.177914,Electric Power consumption
185,Panama,81.40141009,81.45373535,82.2257843,87.8,83.74030304,84.48058319,85.21173096,85.93982697,86.67110443,87.41181183,86.85,88.94641876,89.75109863,89.1,91.42875671,Access to Electricity
189,Papua New Guinea,,,,,,,,,,,,,,,,Electric Power consumption
189,Papua New Guinea,8.552684784,10.67140293,12.7818327,14.88279724,16.97312164,19.05178452,12.4,23.18779182,25.25745583,17.2,19.5,31.54792023,33.69097519,35.85814667,39.45996475,Access to Electricity
195,Paraguay,89.24497986,91.04207,91.666443,92.558399,93.249876,94.686886,96.749045,96.452771,96.677896,96.891335,97.43086,98.23656,97.835616,99.015884,99.000716,Access to Electricity
195,Paraguay,884.0543718,870.4154894,881.0623653,835.7916223,824.3528202,859.5326828,916.0841857,978.7561078,1027.741455,1086.475113,1171.411665,1274.395992,1359.026148,1462.918683,1552.384687,Electric Power consumption
186,Peru,72.496495,72.113111,74.382688,74.380966,75.692357,77.173645,80.157275,81.988131,84.678343,86.42432,88.123061,89.707491,91.099508,92.135365,92.919989,Access to Electricity
186,Peru,666.1767689,691.8840272,727.1697051,752.843659,792.6375928,829.6089806,882.8180003,966.750844,1042.352265,1048.183699,1107.35684,1262.698316,1238.087911,1301.303762,1345.879007,Electric Power consumption
187,Philippines,74.65086365,75.73733521,76.81551361,76.6,87.6,79.98873138,80.18,82.06024933,83.3,84.3,85.39570618,87.2,87.08,87.5,89.69213867,Access to Electricity
187,Philippines,499.3476426,518.8340839,522.2990746,555.4353497,575.2530641,576.3021031,567.7409518,581.6533711,584.5968108,588.8924318,637.9062627,643.4651927,664.1214626,682.956771,696.346787,Electric Power consumption
190,Poland,100.0,100.0,100.0,100.0,100.0,100.0,100.0,100.0,100.0,100.0,100.0,100.0,100.0,100.0,100.0,Access to Electricity
190,Poland,3256.180455,3260.033263,3208.392157,3324.471392,3416.118632,3437.323998,3584.962188,3661.646104,3725.748778,3590.832081,3797.092296,3879.542094,3899.176642,3938.255208,3971.799761,Electric Power consumption
194,Portugal,100.0,100.0,100.0,100.0,100.0,100.0,100.0,100.0,100.0,100.0,100.0,100.0,100.0,100.0,100.0,Access to Electricity
194,Portugal,3988.960824,4119.670488,4271.168528,4375.732217,4533.539695,4682.991013,4827.467182,4890.560188,4850.837413,4843.849694,4959.094305,4848.279337,4736.351771,4685.054787,4662.6008,Electric Power consumption
198,Post-demographic dividend,8800.013396,8705.294463,8856.926616,8923.768091,9062.822859,9226.39271,9228.634134,9320.891136,9273.568616,8849.532662,9225.398416,9103.898973,9015.50849,9004.616008,8899.871376,Electric Power consumption
198,Post-demographic dividend,99.96710192,99.95646371,99.94562424,99.9625035,99.96428643,99.96034649,99.9655143,99.9594314,99.97091088,99.97245046,99.97423253,99.97481185,99.97287641,99.9792596,99.98352253,Access to Electricity
191,Pre-demographic dividend,22.53642822,23.92127387,24.39235038,26.90657166,26.0480048,26.4486871,30.80123024,32.52783937,33.0215221,31.87194057,32.09206503,35.52959707,37.01419371,37.84975155,39.4006083,Access to Electricity
191,Pre-demographic dividend,170.5174919,179.2913442,190.5613552,182.8805369,205.1456332,188.059292,197.3004984,195.8700327,191.3280502,196.7682099,229.1399723,238.9916178,236.5287659,253.7613227,256.2730187,Electric Power consumption
192,Puerto Rico,,,,,,,,,,,,,,,,Electric Power consumption
192,Puerto Rico,100.0,100.0,100.0,100.0,100.0,100.0,100.0,100.0,100.0,100.0,100.0,100.0,100.0,100.0,100.0,Access to Electricity
200,Qatar,14348.47848,15051.71435,15878.36573,16390.65344,16350.02894,15457.41325,15513.77525,14833.70963,13980.94204,13680.82545,14209.22692,14153.70983,14853.29756,13913.07548,14781.62428,Electric Power consumption
200,Qatar,100.0,100.0,100.0,100.0,100.0,100.0,100.0,100.0,100.0,100.0,100.0,100.0,100.0,100.0,100.0,Access to Electricity
201,Romania,100.0,100.0,100.0,100.0,100.0,100.0,100.0,100.0,100.0,100.0,100.0,100.0,100.0,100.0,100.0,Access to Electricity
201,Romania,1987.66019,2066.783933,2079.796062,2237.937816,2295.570505,2365.419564,2446.286077,2529.906888,2605.819735,2390.574743,2550.863291,2639.033434,2604.243137,2494.533918,2584.411787,Electric Power consumption
202,Russian Federation,100.0,100.0,100.0,100.0,100.0,100.0,100.0,100.0,100.0,100.0,100.0,100.0,100.0,100.0,100.0,Access to Electricity
202,Russian Federation,5198.405704,5274.363305,5304.41526,5478.130458,5633.8455,5770.100636,6098.533476,6286.049392,6399.683749,6095.380276,6409.894365,6485.75903,6617.134161,6539.207375,6602.657479,Electric Power consumption
203,Rwanda,,,,,,,,,,,,,,,,Electric Power consumption
203,Rwanda,6.2,5.579493046,6.699606895,7.810256004,8.910264969,4.8,11.07782459,12.15398788,6.0,14.32210445,9.7,10.8,17.5,15.2,19.8,Access to Electricity
260,Samoa,,,,,,,,,,,,,,,,Electric Power consumption
260,Samoa,87.83878326,88.59172058,89.33637238,90.07156372,90.79611206,91.50899506,96.37172973,92.91345215,98.1,97.9,96.37813568,96.6685747,96.82684326,97.3891449,97.9,Access to Electricity
212,San Marino,100.0,100.0,100.0,100.0,100.0,100.0,100.0,100.0,100.0,100.0,100.0,100.0,100.0,100.0,100.0,Access to Electricity
212,San Marino,,,,,,,,,,,,,,,,Electric Power consumption
219,Sao Tome and Principe,52.9,51.53033447,52.64903641,53.75827026,54.85686493,55.94379807,57.02159882,58.09634781,59.17428207,56.9,61.36465073,62.48955536,57.9,64.81632233,68.6,Access to Electricity
219,Sao Tome and Principe,,,,,,,,,,,,,,,,Electric Power consumption
205,Saudi Arabia,100.0,100.0,100.0,100.0,100.0,100.0,100.0,100.0,100.0,100.0,100.0,100.0,100.0,100.0,100.0,Access to Electricity
205,Saudi Arabia,5664.96837,5947.27658,6049.34887,6501.327335,6352.396777,6615.042088,6842.756887,6942.539344,7203.49761,7477.083531,7974.737166,8015.150637,8502.857118,8784.756106,9401.485668,Electric Power consumption
207,Senegal,37.74,38.77428055,36.8,42.02547073,36.8,47.1,49.9,48.4100647,49.99962616,53.5,56.5,56.5,56.5,57.0,61.0,Access to Electricity
207,Senegal,102.5747696,124.5503483,147.3206029,127.4964497,140.3319086,160.2326683,159.5463542,184.0494262,160.9369664,192.3779733,202.8688271,203.777651,215.4903861,215.3466562,229.3516495,Electric Power consumption
214,Serbia,100.0,100.0,100.0,100.0,100.0,99.69072165,100.0,100.0,100.0,100.0,99.718398,100.0,100.0,99.92,99.66079793,Access to Electricity
214,Serbia,4198.715706,4434.370241,4480.344352,4332.679062,4258.251568,3921.906459,4040.44002,4159.137225,4291.843158,4224.397665,4358.812174,4489.57085,4386.534552,4444.222971,4271.744667,Electric Power consumption
226,Seychelles,94.02639008,94.37985992,96.1,95.0607605,95.38583374,95.69924927,99.0,96.30476379,96.60917664,96.92301941,97.0,98.07936859,98.32720947,98.0,100.0,Access to Electricity
226,Seychelles,,,,,,,,,,,,,,,,Electric Power consumption
210,Sierra Leone,,,,,16.8,11.33248552,12.33391953,13.07405567,12.1,14.5701189,11.46217307,14.2,16.94552612,13.5,18.6472683,Access to Electricity
210,Sierra Leone,,,,,,,,,,,,,,,,Electric Power consumption
208,Singapore,100.0,100.0,100.0,100.0,100.0,100.0,100.0,100.0,100.0,100.0,100.0,100.0,100.0,100.0,100.0,Access to Electricity
208,Singapore,7575.435954,7516.1696,7756.318921,8113.587306,8314.325321,8678.168168,8720.022084,8706.579067,8401.048395,8114.367449,8679.99335,8651.755275,8673.985216,8680.606361,8844.687593,Electric Power consumption
225,Sint Maarten (Dutch part),,,,,,,,,,,,,,,,Electric Power consumption
225,Sint Maarten (Dutch part),100.0,100.0,100.0,100.0,100.0,100.0,99.99783325,99.98529816,99.9539032,99.90898132,100.0,100.0,100.0,100.0,100.0,Access to Electricity
221,Slovak Republic,4955.907896,5027.452807,5051.59839,5021.798222,5097.835556,4932.803281,5153.121484,5272.370783,5294.435099,4954.138251,5201.404897,5347.526223,5137.789018,5202.467288,5137.073835,Electric Power consumption
221,Slovak Republic,100.0,100.0,100.0,100.0,100.0,100.0,100.0,100.0,100.0,100.0,100.0,100.0,100.0,100.0,100.0,Access to Electricity
222,Slovenia,5777.995651,6006.34519,6380.951903,6578.034236,6830.705073,6917.860467,7123.537771,7137.824175,6920.244039,6104.421845,6510.841884,6753.073664,6718.975052,6779.280887,6727.999302,Electric Power consumption
222,Slovenia,100.0,100.0,100.0,100.0,100.0,100.0,100.0,100.0,100.0,100.0,100.0,100.0,100.0,100.0,100.0,Access to Electricity
218,Small states,66.68720838,64.50729059,65.16873179,65.9433924,67.41624309,68.48102838,67.06992604,68.42659124,69.74007423,69.7882283,71.86435145,73.26245867,74.37422405,75.15001676,76.51138315,Access to Electricity
218,Small states,,,,,,,,,,,,,,,,Electric Power consumption
209,Solomon Islands,,,,,,,,,,,,,,,,Electric Power consumption
209,Solomon Islands,4.551740646,7.53202343,10.50401783,13.46654797,16.41843796,19.35866356,14.4,12.9,28.14903069,21.2,34.20810318,38.22459793,42.22318649,44.7,50.21110916,Access to Electricity
213,Somalia,,,,,,,,,,,,,,,,Electric Power consumption
213,Somalia,,,7.4,9.908855438,11.49068165,13.06084442,15.23378582,16.17985535,17.7410202,19.31160545,20.89785004,22.50598717,24.14054489,25.79921341,27.47797585,Access to Electricity
263,South Africa,4579.952732,4302.118229,4528.816147,4559.773847,4589.905059,4636.930681,4721.932996,4851.692494,4665.176039,4428.154257,4542.596206,4566.323754,4366.030489,4285.645767,4198.04612,Electric Power consumption
263,South Africa,72.24764252,70.2,76.7,78.8,80.9,80.8,80.7,82.0,81.9,82.6,82.9,83.6,85.3,85.2,86.0,Access to Electricity
204,South Asia,57.37150091,54.96203656,60.67271573,62.30056331,62.53268458,64.41758755,65.82615243,67.26986379,69.37509629,72.32064479,73.19362596,67.05647917,77.42161943,77.78491954,80.54705924,Access to Electricity
204,South Asia,356.2422643,357.8409796,372.3167439,391.0098391,412.9601607,430.6716503,466.8476399,492.3447794,503.4397452,535.6271287,570.9088741,615.5718506,637.2246916,673.9032694,705.3221659,Electric Power consumption
240,South Asia (IDA & IBRD),57.37150091,54.96203656,60.67271573,62.30056331,62.53268458,64.41758755,65.82615243,67.26986379,69.37509629,72.32064479,73.19362596,67.05647917,77.42161943,77.78491954,80.54705924,Access to Electricity
240,South Asia (IDA & IBRD),356.2422643,357.8409796,372.3167439,391.0098391,412.9601607,430.6716503,466.8476399,492.3447794,503.4397452,535.6271287,570.9088741,615.5718506,637.2246916,673.9032694,705.3221659,Electric Power consumption
216,South Sudan,,,,,,,,,,,,,41.42916582,42.974284,43.58172834,Electric Power consumption
216,South Sudan,,,,,,,,,,3.0,1.5,2.689738274,3.137244701,3.6088624,4.100572586,Access to Electricity
70,Spain,100.0,100.0,100.0,100.0,100.0,100.0,100.0,100.0,100.0,100.0,100.0,100.0,100.0,100.0,100.0,Access to Electricity
70,Spain,5167.809673,5422.51569,5576.546265,5676.140491,5892.307411,6111.219223,6105.075849,6054.374438,6025.772757,5652.595933,5706.563063,5599.377374,5573.401182,5409.411338,5355.987006,Electric Power consumption
138,Sri Lanka,,63.6,80.7,75.04402924,76.6280899,78.20048523,82.05,80.0,82.88735199,87.09,85.3,87.76,87.0,90.2,92.63770294,Access to Electricity
138,Sri Lanka,294.819265,290.8248411,303.1085783,326.2582321,354.3583733,400.1025736,403.0772375,420.3196001,426.3914543,425.124685,459.6841594,502.144864,524.3084455,525.7226136,531.0905766,Electric Power consumption
125,St. Kitts and Nevis,94.86717987,93.53,95.52306366,95.83739471,96.14108276,96.4331131,96.71600342,96.99584961,97.27887726,97.57132721,99.94722748,100.0,100.0,100.0,100.0,Access to Electricity
125,St. Kitts and Nevis,,,,,,,,,,,,,,,,Electric Power consumption
133,St. Lucia,,,,,,,,,,,,,,,,Electric Power consumption
133,St. Lucia,,89.9,90.38272858,90.88391113,91.37445831,91.85334015,92.3230896,92.78979492,93.25967407,93.73898315,94.2,94.75908661,95.34342258,95.86147308,96.44895172,Access to Electricity
147,St. Martin (French part),100.0,100.0,100.0,100.0,100.0,100.0,99.99783325,99.98529816,99.9539032,99.90898132,100.0,100.0,100.0,100.0,100.0,Access to Electricity
147,St. Martin (French part),,,,,,,,,,,,,,,,Electric Power consumption
253,St. Vincent and the Grenadines,79.84091187,82.41,82.47047424,83.77164459,85.06217957,86.34104919,87.61078644,88.79,90.14733887,91.42662811,92.72158051,94.03842163,95.38168335,96.74906158,98.13652802,Access to Electricity
253,St. Vincent and the Grenadines,,,,,,,,,,,,,,,,Electric Power consumption
217,Sub-Saharan Africa,514.1689874,492.9093135,513.7600429,512.8661267,520.8081821,525.1737159,530.0320993,539.6807214,516.2286617,493.503632,508.1928342,512.3698663,497.475707,492.3620841,487.3282404,Electric Power consumption
217,Sub-Saharan Africa,26.02848894,28.11943236,29.02686865,31.19763418,30.79998442,29.41033865,32.3706409,34.17329957,34.05111591,33.27438739,33.66939222,35.44979022,37.02745984,38.08630604,37.94826919,Access to Electricity
241,Sub-Saharan Africa (IDA & IBRD countries),514.1689874,492.9093135,513.7600429,512.8661267,520.8081821,525.1737159,530.0320993,539.6807214,516.2286617,493.503632,508.1928342,512.3698663,497.475707,492.3620841,487.3282404,Electric Power consumption
241,Sub-Saharan Africa (IDA & IBRD countries),26.02848894,28.11943236,29.02686865,31.19763418,30.79998442,29.41033865,32.3706409,34.17329957,34.05111591,33.27438739,33.66939222,35.44979022,37.02745984,38.08630604,37.94826919,Access to Electricity
215,Sub-Saharan Africa (excluding high income),26.01955275,28.11120558,29.01862357,31.19007147,30.79261701,29.40297589,32.3632961,34.165869,34.04442703,33.26780917,33.6628424,35.44365736,37.02156105,38.08059081,37.94241804,Access to Electricity
215,Sub-Saharan Africa (excluding high income),514.1689874,492.9093135,513.7600429,512.8661267,520.8081821,525.1737159,530.0320993,539.6807214,516.2286617,493.503632,508.1928342,512.3698663,497.475707,492.3620841,487.3282404,Electric Power consumption
206,Sudan,23.0,31.69804192,32.14664078,32.58556747,33.01359177,33.42964554,33.83626556,34.23961639,34.64601135,29.0,38.09628296,39.85937881,41.60363388,43.32481003,44.9,Access to Electricity
206,Sudan,79.55998124,66.78327045,78.14027946,82.55116501,83.2059401,98.28910399,109.7852101,118.7863557,130.032978,150.0128212,175.1627601,190.0441747,211.1412455,213.8509202,256.7562291,Electric Power consumption
220,Suriname,2265.662159,2358.500464,2544.43956,2477.773816,2592.772646,2764.980649,2762.758959,2768.099753,3032.166491,3026.114816,2980.386524,3316.659722,3314.568025,3630.583141,3596.745217,Electric Power consumption
220,Suriname,95.4648056,95.39545441,95.31781006,95.23069763,95.13294983,95.02353668,91.01983989,94.78339386,94.66497803,94.55599213,91.19751586,94.39122009,94.34619904,94.32529449,94.32447815,Access to Electricity
223,Sweden,15681.61527,16020.98031,15709.42967,15360.17889,15420.97314,15430.96395,15262.58727,15257.93575,14869.34898,14143.01101,14934.32696,14030.16315,14289.59509,13870.38991,13480.14822,Electric Power consumption
223,Sweden,100.0,100.0,100.0,100.0,100.0,100.0,100.0,100.0,100.0,100.0,100.0,100.0,100.0,100.0,100.0,Access to Electricity
37,Switzerland,100.0,100.0,100.0,100.0,100.0,100.0,100.0,100.0,100.0,100.0,100.0,100.0,100.0,100.0,100.0,Access to Electricity
37,Switzerland,7845.634548,7992.277576,8031.432226,8195.120835,8205.829119,8305.371102,8360.576135,8163.295576,8305.923042,8021.223604,8174.408162,7928.19067,7886.094306,7807.058815,7520.166025,Electric Power consumption
227,Syrian Arab Republic,1064.905425,1144.182571,1233.56505,1294.213209,1397.534315,1497.888643,1537.887862,1540.326197,1558.988691,1515.28777,1823.61265,1672.768766,1363.921404,1068.87843,974.5754718,Electric Power consumption
227,Syrian Arab Republic,,,86.6,92.66165161,92.40216064,92.13100433,99.5057574,91.56737518,91.28721619,91.01648712,92.7,91.59918213,90.84231567,90.13881683,89.97625732,Access to Electricity
234,Tajikistan,98.46774194,98.62453461,99.0,100.0,98.6827774,99.3,98.6686554,98.65396881,98.64247894,99.0,98.65398407,98.68946075,99.1,98.83737183,98.94347382,Access to Electricity
234,Tajikistan,2161.56513,2143.226805,2140.547306,2138.636867,2160.185435,2149.553166,2137.783691,2073.154518,1947.038554,1911.130205,1893.217536,1811.235768,1761.0521,1692.725684,1499.485994,Electric Power consumption
246,Tanzania,9.056112289,9.996443748,10.92848778,11.1,11.4,13.66328144,14.55442524,15.44251728,11.5,11.2,14.8,14.2,15.3,16.4,23.5,Access to Electricity
246,Tanzania,59.10592968,62.90378347,68.28963749,68.1384536,79.80253274,79.60921421,65.36250806,81.78181408,86.34789591,72.43377243,96.62536859,87.337258,97.80453473,100.2410488,103.681778,Electric Power consumption
233,Thailand,1448.072733,1504.756356,1617.566211,1713.620882,1827.239731,1914.801243,2005.256141,2080.246394,2105.440202,2101.146287,2307.804541,2283.748548,2443.615127,2514.758377,2538.795713,Electric Power consumption
233,Thailand,82.1,90.45343018,91.10829926,91.75370789,92.38847351,93.01157379,99.14620148,94.23646545,94.85056305,98.96,99.7,99.35928345,99.10862355,99.42706299,99.48364258,Access to Electricity
237,Timor-Leste,,25.6,23.92528915,27.7,30.75041008,34.14598846,37.53243256,36.6,44.30240631,47.69840622,38.0,54.54361725,58.00358963,61.4876709,73.47,Access to Electricity
237,Timor-Leste,,,,,,,,,,,,,,,,Electric Power consumption
232,Togo,95.2399132,98.96157506,96.20861106,102.9897222,107.3563811,109.4153709,108.4526993,102.3586404,104.8752699,124.1433151,124.1109405,134.7799002,144.3796672,144.3623691,154.6652373,Electric Power consumption
232,Togo,16.95623488,19.64577484,21.4203186,23.18539619,24.93983459,26.68261147,27.9,30.14684677,31.88062286,33.62382126,30.79174368,39.7,38.97059631,40.80187988,45.7,Access to Electricity
239,Tonga,85.57647705,86.31700134,87.04923248,87.77200317,88.48413849,89.18460846,92.3,90.56422424,91.25569153,91.95658875,92.67313385,92.17545611,92.8,94.96540833,95.7744751,Access to Electricity
239,Tonga,,,,,,,,,,,,,,,,Electric Power consumption
242,Trinidad and Tobago,3993.184754,4101.831748,4083.901629,4771.869576,4698.80592,5143.860726,5309.576892,5672.360426,5711.138279,5717.223059,6189.08793,6383.122034,6612.810396,6848.596595,7092.958644,Electric Power consumption
242,Trinidad and Tobago,91.29,96.63881683,96.89418793,97.14009857,97.37535858,97.59896088,100.0,100.0,100.0,99.0,100.0,100.0,100.0,100.0,100.0,Access to Electricity
243,Tunisia,976.4793121,1035.336737,1066.125189,993.5364327,1034.595129,1083.53028,1107.613596,1151.024932,1188.927857,1274.120625,1364.989711,1323.046858,1408.869721,1425.917349,1454.643076,Electric Power consumption
243,Tunisia,94.8,97.3,97.8,98.4,99.0,99.3,99.4,99.4,99.4,99.5,99.5,99.5,99.5,99.7,99.8,Access to Electricity
244,Turkey,1652.746301,1612.99863,1667.363646,1771.827199,1891.84063,2013.888512,2179.071457,2347.637934,2422.711768,2314.690768,2491.628575,2695.073941,2769.043584,2755.623957,2847.223893,Electric Power consumption
244,Turkey,,,,,,,,,,,100.0,100.0,100.0,100.0,100.0,Access to Electricity
235,Turkmenistan,99.6,99.72142792,99.73254395,99.73419189,99.72519684,99.70454407,99.8413328,99.641922,99.61226654,99.59204102,100.0,99.88415527,99.89390564,99.88236237,99.93029022,Access to Electricity
235,Turkmenistan,1692.15753,1782.831922,1776.348813,1746.227033,1913.723616,2051.674865,2115.542376,2254.349052,2316.560857,2353.456592,2382.051777,2412.024872,2428.858829,2540.820844,2678.765474,Electric Power consumption
228,Turks and Caicos Islands,95.6,94.79156494,95.13632202,95.47160339,95.79624939,96.10923767,96.41308594,96.71389008,97.01787567,100.0,100.0,100.0,93.1,100.0,100.0,Access to Electricity
228,Turks and Caicos Islands,,,,,,,,,,,,,,,,Electric Power consumption
245,Tuvalu,,,,,,,,,,,,,,,,Electric Power consumption
245,Tuvalu,,,94.62978316,95.11444855,95.40785217,95.68959045,95.96218872,96.7,96.50447845,96.78664398,97.0844574,97.40416718,97.6717774,98.12054443,98.51087189,Access to Electricity
247,Uganda,,,,,,,,,,,,,,,,Electric Power consumption
247,Uganda,7.318620205,8.6,7.8,10.62820339,11.71168518,8.9,9.0,14.90582466,15.9686451,10.0,12.1,14.6,20.37479401,13.9,20.4,Access to Electricity
248,Ukraine,100.0,100.0,100.0,100.0,100.0,99.8855617,100.0,99.8,100.0,100.0,100.0,100.0,99.86749117,100.0,100.0,Access to Electricity
248,Ukraine,2778.400252,2791.765305,2844.812724,2997.974461,3151.145969,3246.034284,3399.519695,3528.92445,3534.357992,3227.953261,3549.844551,3662.444428,3640.553483,3600.225704,3418.569317,Electric Power consumption
8,United Arab Emirates,12314.03158,12133.62796,12502.69851,12366.07038,11958.97239,12279.9202,11693.3941,11451.89878,11294.18973,10618.80665,10609.944,10287.0553,10416.01261,10724.50388,11088.34186,Electric Power consumption
8,United Arab Emirates,100.0,100.0,100.0,100.0,100.0,100.0,100.0,100.0,100.0,100.0,100.0,100.0,100.0,100.0,100.0,Access to Electricity
81,United Kingdom,100.0,100.0,100.0,100.0,100.0,100.0,100.0,100.0,100.0,100.0,100.0,100.0,100.0,100.0,100.0,Access to Electricity
81,United Kingdom,6114.529259,6141.982551,6142.749834,6174.550896,6138.754137,6270.984059,6200.554113,6102.396768,6015.726861,5643.128595,5700.855864,5471.933475,5449.259473,5409.626422,5130.390253,Electric Power consumption
251,United States,100.0,100.0,100.0,100.0,100.0,100.0,100.0,100.0,100.0,100.0,100.0,100.0,100.0,100.0,100.0,Access to Electricity
251,United States,13671.05202,13046.61415,13296.1823,13307.49201,13388.58971,13704.57705,13583.26696,13657.45283,13663.42797,12913.71469,13394.90276,13245.88193,12964.18794,13004.02357,12993.96558,Electric Power consumption
249,Upper middle income,95.37198456,95.90949204,96.32957126,96.58409533,96.85685224,97.12381327,97.56410497,97.63083093,97.92372322,98.23173612,98.76294005,98.84205796,99.02080398,99.09239459,99.13255215,Access to Electricity
249,Upper middle income,1598.852069,1640.790066,1726.059809,1869.298469,2014.95792,2151.592693,2344.729273,2544.835608,2633.12186,2696.419515,2951.720767,3184.031612,3300.257606,3470.164296,3566.252931,Electric Power consumption
250,Uruguay,2031.186836,2001.220278,1998.76971,1885.571362,1930.461245,2001.927269,2224.692767,2419.146918,2594.43911,2670.10899,2815.787821,2822.264425,2946.455656,3001.384301,3085.189883,Electric Power consumption
250,Uruguay,97.55148315,97.70074463,97.84171295,97.97322083,98.09409332,98.20329285,98.505426,98.692636,98.784355,99.1,99.3,99.17,99.6,99.611808,99.657085,Access to Electricity
252,Uzbekistan,1780.457924,1769.396081,1775.809844,1764.456256,1765.480285,1717.201055,1755.759629,1664.061337,1652.65101,1643.149881,1653.467496,1631.526207,1610.807906,1637.194477,1645.441629,Electric Power consumption
252,Uzbekistan,99.57293701,99.62465668,99.7,99.70204163,99.72536469,99.7370224,99.4900961,99.73902893,99.74168396,99.75376892,99.7815094,99.83113861,99.90933228,99.96624756,99.99420166,Access to Electricity
258,Vanuatu,22.15377617,23.97912407,25.79618454,27.60378265,29.40073776,31.18603134,26.44,33.62462006,36.51159668,33.29111519,44.1,41.92195511,43.77164078,31.7,49.07717133,Access to Electricity
258,Vanuatu,,,,,,,,,,,,,,,,Electric Power consumption
254,"Venezuela, RB",98.9,99.9,99.8,95.7,99.1,98.93270111,99.3,98.93862152,98.9432373,98.95727539,99.09267426,98.84,99.20826721,99.23580933,100.0,Access to Electricity
254,"Venezuela, RB",2667.60922,2732.399296,2758.560847,2664.722994,2796.712523,2886.490448,2999.308385,3019.16488,3125.254764,3090.969608,3195.681623,3256.626059,3304.402836,3299.011056,2719.138349,Electric Power consumption
257,Vietnam,286.6209761,326.531876,377.5584015,433.1990914,483.9590142,569.9568505,645.2089812,728.0882694,802.5539431,906.1541067,1022.43262,1102.807176,1206.31043,1276.856078,1423.69991,Electric Power consumption
257,Vietnam,87.80696106,88.61237335,89.1,90.19715118,90.9741745,96.1,96.0,93.24891663,94.00527954,96.1,97.43,99.0,97.89,98.53603363,99.2,Access to Electricity
256,Virgin Islands (U.S.),,,,,,,,,,,,,,,,Electric Power consumption
256,Virgin Islands (U.S.),100.0,100.0,100.0,100.0,100.0,100.0,100.0,100.0,100.0,100.0,100.0,100.0,100.0,100.0,100.0,Access to Electricity
196,West Bank and Gaza,99.7,98.77187347,98.83439636,99.1,98.04,99.89,99.7,97.63,99.02255249,97.76,99.9,99.7,99.7525177,99.73147583,99.9,Access to Electricity
196,West Bank and Gaza,,,,,,,,,,,,,,,,Electric Power consumption
259,World,2386.825244,2380.437408,2435.218364,2500.618817,2578.501046,2656.330739,2732.640247,2822.327116,2843.608543,2794.202268,2958.343199,3023.23295,3047.755531,3106.981734,3128.298712,Electric Power consumption
259,World,78.73603409,78.22162894,79.39750879,80.00867813,80.16043806,80.16137383,81.25103069,82.20464489,82.28426767,82.76500504,83.2999176,82.11498289,84.74581941,85.03106477,85.55284666,Access to Electricity
262,"Yemen, Rep.",142.7416776,147.390647,155.2835106,165.657089,173.3870704,183.6635796,193.8838093,211.2062513,230.1281615,226.9894598,254.849372,193.8037733,193.8040245,250.963212,219.7998969,Electric Power consumption
262,"Yemen, Rep.",49.18035126,50.36064148,51.53264236,52.6951828,49.59,54.98731232,55.80033463,57.24646759,58.37770462,59.51836014,60.67467499,61.88527298,52.41,75.6,66.1,Access to Electricity
264,Zambia,597.5455701,618.6754696,644.1114343,663.4247571,685.1567805,692.7151634,704.5621488,664.1628325,589.5615616,568.4388408,590.5488952,631.7388778,733.2106108,747.0580444,717.3473046,Electric Power consumption
264,Zambia,16.7,19.94420624,17.4,18.5,20.3,22.64341354,23.29265022,18.5,24.58820534,25.24699783,22.0,26.61779022,27.34055328,28.08742714,27.9,Access to Electricity
265,Zimbabwe,33.85070419,34.21405029,34.2,34.91470718,35.24966049,35.57295227,37.2,36.1982193,36.51251221,43.36908187,40.45818329,36.9,44.0,38.3363533,32.3,Access to Electricity
265,Zimbabwe,897.8677912,872.0296856,878.345545,879.6367351,855.7467688,891.8829379,871.9512556,760.2040483,627.8901993,585.4570988,606.6439602,636.2489911,608.7616694,628.7462422,609.124652,Electric Power consumption
